h_type,date,adress,loc,num_floor,unit_per_floor,price,age,statuse,view,doc_status,north,south,west,east,floor,area,num_sleep,telephone,kitchen,service,floor_covering,open,parking,warehouse,balcony,equipment,Document_type,Propertyـstatus
آپارتمان,1404/02/11,فرجام غربی 15 متری عبادی,4,4,1,"14,850,000,000 تومان",2,اجاره,سنگ,اوقافي,1,0,0,0,2,135,3,1,MDF,ايراني فرنگي,سنگ,1,1,1,1,کولر_آسانسور_پکیج,اوقافي,اجاره
آپارتمان,1404/01/28,بنی هاشم خ صالحی,4,3,1,"4,500,000,000 تومان",30,تخلیه,سنگ,شخصي,1,0,0,0,2,48,1,1,MDF,ايرانی,سراميک,1,0,1,0,شوفاژ_کولر_گاز,شخصي,تخلیه
آپارتمان,1404/01/31,تهران پارس خ استخر,4,6,2,"7,800,000,000 تومان",6,مسکونی,سنگ,شخصي,0,1,0,0,6,78,2,1,MDF,ايراني فرنگي,سراميک,1,1,0,1,شوفاژ_کولر_آسانسور_پکیج_گاز,شخصي,مسکونی
آپارتمان,1404/02/02,لویزان خ شیان یكم,4,3,3,"18,500,000,000 تومان",780,17,اجاره,آجر سه سانت,0,1,0,0,2,110,2,1,MDF,ايراني فرنگي,سراميک,1,1,1,1,شوفاژ_کولر_گاز,شخصي,اجاره
آپارتمان,1404/02/06,تهران پارس خ استخر,4,5,3,"14,000,000,000 تومان",نوساز,تخلیه,سنگ,شخصي,1,0,0,0,1,119,2,1,MDF,ايراني فرنگي,سراميک,1,1,1,0,کولر_آسانسور_پاسیو_پکیج_گاز,شخصي,تخلیه
آپارتمان,1404/02/08,تهرانپارس بالاتر از سوم 212 غربی,4,5,2,"9,500,000,000 تومان",22,مسکونی,سنگ,منگوله دار,1,0,0,0,3,78,2,1,MDF,ايرانی,سنگ,1,1,1,1,شوفاژ_کولر_آسانسور,منگوله دار,مسکونی
آپارتمان,1404/02/06,اتوبان بابایی شهرك بهشتی,4,19,10,"13,375,000,000 تومان",نوساز,مسکونی,سيمان,تعاوني,0,1,0,0,8,107,2,1,MDF,ايراني فرنگي,سراميک,1,1,1,1,شوفاژ_کولر_آسانسور_گاز,تعاوني,مسکونی
آپارتمان,1404/02/07,تهرانپارس خ استخر خ بختیاری,4,5,4,"6,000,000,000 تومان",7,مسکونی,سنگ,شخصي,1,0,0,0,1,65,1,0,MDF,ايرانی,سراميک,0,1,1,0,کولر_آسانسور_پکیج_گاز,شخصي,مسکونی
آپارتمان,1404/02/10,تهرانپارس بالاتر از خ شاهد ك شیرود,4,7,12,"6,140,000,000 تومان",6,اجاره,سنگ,شخصي,0,1,0,0,4,64,1,یك,MDF,ايرانی,سراميک,1,1,1,0,شوفاژ_کولر_آسانسور_گاز,شخصي,اجاره
آپارتمان,1404/02/10,تهرانپارس ك 210,4,4,3,"5,100,000,000 تومان",16,تخلیه,آجر,شخصي,1,0,0,0,3,62,1,,MDF,ايرانی,سراميک,1,1,1,0,کولر_گاز,شخصي,تخلیه
آپارتمان,1404/02/03,اتوبان باقری نرسیده به رسالت,4,4,1,"4,000,000,000 تومان",20,اجاره,سنگ,شخصي,0,1,0,0,4,60,1,1,MDF,ايرانی,سراميک,1,0,0,0,شوفاژ_کولر_گاز,شخصي,اجاره
آپارتمان,1404/01/30,لویزان شیان خ شاه رضایی,4,12,3,"12,880,000,000 تومان",19,مسکونی,ترکیبی,شخصي,1,0,0,0,3,112,3,1,MDF,ايراني فرنگي,سراميک,1,1,1,1,کولر_آسانسور_پکیج,شخصي,مسکونی
آپارتمان,1404/02/02,هروی ساقدوش خ مظفری,4,5,3,"18,400,000,000 تومان",4,مسکونی,تراورتن,شخصي,1,0,0,0,1,115,3,1,هایگلاس,ايراني فرنگي,لامنيت,1,1,1,1,شوفاژ_کولر_آسانسور,شخصي,مسکونی
آپارتمان,1404/02/09,هنگام شمیران نو خ هژبری,4,4,1,"2,000,000,000 تومان",16,تخلیه,سنگ,قولنامه اي,0,0,0,1,همكف,35,0,1,MDF,فرنگی,سراميک,1,0,1,0,کولر_گاز,قولنامه اي,تخلیه
آپارتمان,1404/02/10,فرجام غربی میدان 47,4,6,3,"16,200,000,000 تومان",نوساز,تخلیه,سنگ,شخصي,1,1,0,0,1,120,2,1,MDF,ايراني فرنگي,سنگ,1,1,1,1,شوفاژ_کولر_آسانسور_پکیج_گاز,شخصي,تخلیه
آپارتمان,1404/02/08,هنگام شمیران نو كوچه شهید نظری,4,3,3,"2,800,000,000 تومان",7,مسکونی,سنگ,قولنامه اي,1,0,0,0,همكف,60,1,1,MDF,ايرانی,سراميک,1,0,1,0,کولر_گاز,قولنامه اي,مسکونی
آپارتمان,1404/02/01,حكیمیه خ شاهین جنوبی,4,4,2,"7,500,000,000 تومان",23,مسکونی,سنگ,شخصي,0,1,0,0,4,105,2,1,MDF,ايراني فرنگي,سراميک,1,1,1,1,شوفاژ_کولر_گاز,شخصي,مسکونی
آپارتمان,1404/02/08,شمس اباد خ موسائی,4,4,2,"5,300,000,000 تومان",19,اجاره,سنگ,شخصي,1,0,0,0,1,50,1,1,MDF,ايرانی,سراميک,1,0,1,0,کولر_گاز,شخصي,اجاره
آپارتمان,1404/02/09,تهرانپارس فلكه اول خ 152,4,4,3,"14,000,000,000 تومان",485,30,مسکونی,سنگ,0,1,0,0,3,130,3,1,هایگلاس,ايراني فرنگي,سراميک,1,1,1,0,شوفاژ_کولر_آسانسور_گاز,شخصي,مسکونی
آپارتمان,1404/02/01,دلاوران تكاوران,4,5,2,"12,500,000,000 تومان",نوساز,تخلیه,سنگ,شخصي,0,1,0,0,2,126,2,1,MDF,ايراني فرنگي,سراميک,1,1,1,1,شوفاژ_کولر_آسانسور_گاز,شخصي,تخلیه
آپارتمان,1404/01/30,تهرانپارس ك 218,4,5,2,"11,330,000,000 تومان",نوساز,مسکونی,سنگ,شخصي,1,0,0,0,3,103,2,1,هایگلاس,ايراني فرنگي,سنگ,1,1,1,1,کولر_آسانسور_پکیج_گاز,شخصي,مسکونی
آپارتمان,1404/02/09,قنات كوثر خ رضائیان,4,5,4,"6,300,000,000 تومان",8,تخلیه,سنگ,شخصي,0,1,0,0,3,75,2,1,MDF,ايراني فرنگي,سنگ,1,1,1,1,کولر_آسانسور_گاز,شخصي,تخلیه
آپارتمان,1404/02/09,حكیمیه بلواربهار بابائیان,4,4,1,"12,348,000,000 تومان",8,تخلیه,سنگ,شخصي,0,1,0,0,2,126,3,1,MDF,ايراني فرنگي,سراميک,1,1,1,1,شوفاژ_کولر_آسانسور_پکیج_گاز,شخصي,تخلیه
آپارتمان,1404/02/06,تهرانپارس خ 128غربی,4,5,1,"18,900,000,000 تومان",18,اجاره,سنگ,شخصي,1,0,0,0,5,140,3,1,هایگلاس,ايراني فرنگي,سراميک,1,1,1,0,کولر_آسانسور_پکیج_گاز,شخصي,اجاره
آپارتمان,1404/02/02,تهرانپارس خ 182 شرقی,4,5,4,"2,900,000,000 تومان",23,اجاره,سنگ,قولنامه اي,1,0,0,0,2,52,1,1,MDF,ايرانی,سراميک,1,1,1,0,کولر_آسانسور_گاز,قولنامه اي,اجاره
آپارتمان,1404/02/09,هنگام شمیران نو,4,3,1,"2,500,000,000 تومان",25,مسکونی,سيمان,قولنامه اي,0,1,0,0,1,70,1,1,MDF,ايرانی,سراميک,1,0,1,0,کولر_گاز,قولنامه اي,مسکونی
آپارتمان,1404/02/03,هنگام شمیران نو خ شقایق,4,3,7,"2,300,000,000 تومان",15,مسکونی,سنگ,قولنامه اي,1,0,0,0,همكف,50,1,1,MDF,ايرانی,موزائيک,1,0,0,0,کولر_گاز,قولنامه اي,مسکونی
آپارتمان,1404/02/07,تهرانپارس خ 212,4,7,2,"5,800,000,000 تومان",21,مسکونی,سنگ,شخصي,1,0,0,0,7,67,1,1,MDF,فرنگی,سراميک,1,0,1,1,شوفاژ_کولر_آسانسور,شخصي,مسکونی
آپارتمان,1404/02/01,مجیدیه شمالی 16متری اول,4,5,2,"6,200,000,000 تومان",5,مسکونی,سنگ,شخصي,1,1,0,0,5,70,2,1,MDF,ايرانی,سراميک,0,0,1,1,شوفاژ_کولر_آسانسور_پکیج_گاز,شخصي,مسکونی
آپارتمان,1404/02/03,جشنواره خ اشرفی گودرزی,4,4,2,"4,700,000,000 تومان",20,اجاره,سنگ,شخصي,1,0,0,0,4,54,1,1,MDF,ايرانی,سراميک,1,1,1,0,شوفاژ_کولر_پکیج_گاز,شخصي,اجاره
آپارتمان,1404/01/31,هروی گلستان,4,5,2,"18,000,000,000 تومان",17,مسکونی,سنگ,شخصي,1,0,0,0,5,112,2,1,MDF,ايراني فرنگي,سراميک,1,1,1,0,شوفاژ_کولر_آسانسور,شخصي,مسکونی
آپارتمان,1404/02/03,لویزان خ مباركی,4,4,1,"6,800,000,000 تومان",6,اجاره,سنگ,قولنامه اي,1,0,0,0,1,65,1,1,MDF,ايراني فرنگي,سراميک,1,1,1,1,شوفاژ_کولر_آسانسور_پکیج_گاز,قولنامه اي,اجاره
آپارتمان,1404/01/28,سراج سروش,4,5,3,"9,240,000,000 تومان",3,تخلیه,کلاسيک,شخصي,1,0,0,0,5,88,2,1,چوبي,ايراني فرنگي,سراميک,1,1,1,1,شوفاژ_کولر_آسانسور_گاز,شخصي,تخلیه
آپارتمان,1404/02/09,فرجام خ حیدرخانی,4,4,2,"4,900,000,000 تومان",21,مسکونی,سنگ,شخصي,1,0,0,0,4,71,2,1,MDF,ايرانی,سراميک,1,0,1,1,شوفاژ_کولر_گاز,شخصي,مسکونی
آپارتمان,1404/02/09,تهرانپارس خ استخر,4,4,1,"6,000,000,000 تومان",10,تخلیه,سنگ,شخصي,0,1,0,0,4,60,1,1,MDF,ايرانی,سراميک,1,1,1,0,شوفاژ_کولر_آسانسور_پکیج_گاز,شخصي,تخلیه
آپارتمان,1404/02/10,جشنواره خ زهدی,4,4,1,"8,000,000,000 تومان",7,تخلیه,تراورتن,شخصي,0,1,0,0,3,105,3,1,هایگلاس,ايراني فرنگي,سراميک,1,1,1,1,کولر_آسانسور_پکیج_گاز,شخصي,تخلیه
آپارتمان,1404/02/02,تهران پارس خ 152,4,6,2,"21,500,000,000 تومان",نوساز,تخلیه,سنگ,شخصي,0,1,0,0,4,123,2,1,چوبي,ايراني فرنگي,سراميک,1,1,1,1,شوفاژ_کولر_آسانسور_پکیج_گاز,شخصي,تخلیه
آپارتمان,1404/02/06,لویزان خ فرشادی,4,4,1,"12,000,000,000 تومان",14,مسکونی,سنگ,شخصي,1,0,0,0,3,106,2,1,MDF,ايراني فرنگي,سنگ,1,1,1,1,شوفاژ_کولر_آسانسور_پکیج_گاز,شخصي,مسکونی
آپارتمان,1404/02/02,شمس آباد بلواربیژن,4,5,2,"11,500,000,000 تومان",17,مسکونی,سنگ,شخصي,0,1,0,0,5,98,2,1,MDF,ايراني فرنگي,سنگ,1,1,1,1,شوفاژ_کولر_آسانسور_گاز,شخصي,مسکونی
آپارتمان,1404/02/03,تهرانپارس خ توحید,4,5,1,"8,820,000,000 تومان",22,تخلیه,سنگ,شخصي,1,0,0,0,4,98,2,1,فلزي,ايرانی,سراميک,1,0,1,1,شوفاژ_کولر_آسانسور_گاز,شخصي,تخلیه
آپارتمان,1404/02/08,جشنواره خ اشرفی گودرزی,4,4,2,"4,000,000,000 تومان",19,اجاره,سنگ,شخصي,1,0,0,0,4,64,2,1,MDF,ايرانی,سراميک,1,0,1,1,شوفاژ_کولر_گاز,شخصي,اجاره
آپارتمان,1404/02/10,هروی ساقدوش,4,8,2,"29,700,000,000 تومان",نوساز,تخلیه,سنگ,شخصي,1,0,0,0,1,135,3,1,MDF,ايراني فرنگي,سراميک,1,1,1,0,کولر_آسانسور_پکیج_گاز,شخصي,تخلیه
آپارتمان,1404/02/07,هروی خ ضابطی,4,4,2,"8,500,000,000 تومان",20,مسکونی,سنگ,شخصي,1,0,0,0,4,82,2,1,MDF,ايراني فرنگي,سراميک,1,0,1,0,شوفاژ_کولر,شخصي,مسکونی
آپارتمان,1404/01/30,فرجام غربی بالاتر از ك برادران رحمتی,4,5,2,"6,600,000,000 تومان",8,اجاره,سنگ,شخصي,1,0,0,0,5,66,1,1,MDF,ايرانی,سنگ,1,0,1,1,شوفاژ_کولر_آسانسور_پکیج_گاز,شخصي,اجاره
آپارتمان,1404/01/31,تهرانپارس بلوارشاهد خ 184,4,3,1,"3,570,000,000 تومان",11,تخلیه,سنگ,قولنامه اي,0,1,0,0,3,85,1,1,MDF,ايرانی,سراميک,1,0,0,1,کولر_گاز,قولنامه اي,تخلیه
آپارتمان,1404/01/31,تهرانپارس بلوار پروین خ 218,4,4,4,"3,500,000,000 تومان",15,تخلیه,سنگ,شخصي,1,0,0,0,4,51,1,1,MDF,ايرانی,سراميک,1,0,1,1,کولر_گاز,شخصي,تخلیه
آپارتمان,1404/02/06,جشنواره خ احسان خ 19,4,4,2,"2,500,000,000 تومان",1,مسکونی,سنگ,قولنامه اي,0,1,0,0,همكف,50,1,1,MDF,فرنگی,سراميک,1,0,0,0,کولر_گاز,قولنامه اي,مسکونی
آپارتمان,1404/01/30,فرجام خ احمدیان,4,8,6,"7,500,000,000 تومان",22,اجاره,سيمان,شخصي,0,1,0,0,6,75,2,1,MDF,فرنگی,سراميک,1,1,1,1,کولر_آسانسور_پکیج,شخصي,اجاره
آپارتمان,1404/01/30,جشنواره خ احسان,4,5,1,"3,300,000,000 تومان",8,مسکونی,سنگ,قولنامه اي,0,1,0,0,2,72,2,1,MDF,ايرانی,سراميک,1,0,0,0,شوفاژ_کولر_گاز,قولنامه اي,مسکونی
آپارتمان,1404/01/30,فرجام غربی خ مظاهری,4,4,3,"14,820,000,000 تومان",نوساز,تخلیه,سنگ,شخصي,1,0,0,0,1,114,2,1,MDF,ايراني فرنگي,سراميک,1,1,1,0,کولر_آسانسور_پکیج_گاز,شخصي,تخلیه
آپارتمان,1404/02/06,هروی خ وفامنش,4,7,3,"25,000,000,000 تومان",8,تخلیه,سنگ,شخصي,0,1,0,0,1,145,3,1,MDF,ايراني فرنگي,سنگ,1,1,1,1,شوفاژ_کولر_آسانسور_چیلر_پکیج_گاز,شخصي,تخلیه
آپارتمان,1404/02/02,تهرانپارس بلوار پروین خ 196 شرقی,4,6,3,"6,000,000,000 تومان",30,تخلیه,سنگ,شخصي,0,1,0,0,3,50,1,1,MDF,ايرانی,سراميک,1,0,1,0,کولر_آسانسور_گاز,شخصي,تخلیه
آپارتمان,1404/02/10,شمس اباد خ شهیدكرد,4,5,4,"7,500,000,000 تومان",19,تخلیه,سنگ,شخصي,0,1,0,0,1,70,2,1,MDF,ايراني فرنگي,سراميک,1,1,0,1,شوفاژ_کولر_آسانسور_گاز,شخصي,تخلیه
آپارتمان,1404/02/02,سراج روبروی بانك تجارت,4,5,4,"6,700,000,000 تومان",8,مسکونی,سنگ,شخصي,1,0,0,0,4,65,2,1,MDF,ايراني فرنگي,سراميک,1,1,1,1,کولر_آسانسور_پکیج_گاز,شخصي,مسکونی
آپارتمان,1404/02/03,هنگام ك كاظمی,4,3,1,"2,380,000,000 تومان",22,اجاره,سنگ,شخصي,0,1,0,0,1,50,1,1,MDF,ايرانی,سراميک,1,0,1,0,شوفاژ_کولر_گاز,شخصي,اجاره
آپارتمان,1404/01/31,تهرانپارس خیابان استخر,4,4,4,"7,700,000,000 تومان",15,تخلیه,سنگ,شخصي,1,1,0,0,3,93,2,1,MDF,ايراني فرنگي,سراميک,1,1,1,1,کولر_آسانسور_پکیج,شخصي,تخلیه
آپارتمان,1404/02/10,فرجام خ شقایق,4,4,2,"5,800,000,000 تومان",22,اجاره,سنگ,شخصي,0,1,0,0,2,60,1,1,MDF,ايرانی,سراميک,1,1,1,1,کولر_گاز,شخصي,اجاره
آپارتمان,1404/01/30,حكیمیه میدان چمن آراء,4,5,1,"3,000,000,000 تومان",1,تخلیه,سنگ,شخصي,1,0,0,0,4,75,2,1,نا مشخص,ايرانی,سراميک,1,0,0,1,شوفاژ_کولر_گاز,شخصي,تخلیه
آپارتمان,1404/02/02,حكیمیه خ سازمان آّب,4,4,4,"4,544,000,000 تومان",18,اجاره,سنگ,تعاوني,1,0,0,0,4,64,1,1,MDF,ايرانی,سراميک,1,1,1,0,شوفاژ_کولر_پاسیو,تعاوني,اجاره
آپارتمان,1404/01/30,تهرانپارس فلكه اول,4,3,1,"22,000,000,000 تومان",30,تخلیه,سنگ,شخصي,1,0,0,0,همكف,125,3,1,MDF,ايراني فرنگي,موکت,1,1,1,1,شوفاژ_کولر_گاز,شخصي,تخلیه
آپارتمان,1404/02/03,شمس آباد بلوار بیژن,4,5,2,"15,200,000,000 تومان",12,مسکونی,سنگ,شخصي,1,0,0,0,5,114,2,1,MDF,ايراني فرنگي,پارکت,1,1,1,1,شوفاژ_کولر_آسانسور_پکیج_گاز,شخصي,مسکونی
آپارتمان,1404/02/07,تهرانپارس خ استخر,4,5,2,"13,200,000,000 تومان",نوساز,تخلیه,سنگ,شخصي,1,0,0,0,4,110,2,1,MDF,ايراني فرنگي,سراميک,1,1,1,1,شوفاژ_کولر_آسانسور_گاز,شخصي,تخلیه
آپارتمان,1404/01/31,هروی ساقدوش,4,5,4,"26,250,000,000 تومان",17,مسکونی,سنگ,شخصي,0,1,0,0,1,210,3,1,MDF,ايراني فرنگي,سنگ,1,1,1,1,شوفاژ_کولر_آسانسور_گاز,شخصي,مسکونی
آپارتمان,1404/01/28,شمس اباد خ خانعلی,4,5,2,"10,064,600,000 تومان",4,تخلیه,سنگ,شخصي,1,0,0,0,4,91,2,1,MDF,ايراني فرنگي,سراميک,1,1,1,1,شوفاژ_کولر_آسانسور_پکیج_گاز,شخصي,تخلیه
آپارتمان,1404/02/01,شهیدعراقی ك حق گو,4,4,1,"14,490,000,000 تومان",نوساز,تخلیه,سنگ,شخصي,0,1,0,0,4,63,1,1,هایگلاس,ايراني فرنگي,سراميک,1,1,0,1,کولر_آسانسور_پکیج_گاز,شخصي,تخلیه
آپارتمان,1404/02/08,فرجام غربی خ داروخانه,4,5,2,"8,050,000,000 تومان",5,مسکونی,سنگ,شخصي,1,0,0,0,4,70,2,1,MDF,ايراني فرنگي,سراميک,1,1,1,0,شوفاژ_کولر_آسانسور_پکیج_گاز,شخصي,مسکونی
آپارتمان,1404/02/10,تهرانپارس خ محرم پور,4,5,2,"6,500,000,000 تومان",18,مسکونی,سنگ,شخصي,1,0,0,0,1,60,1,1,MDF,ايرانی,سراميک,1,1,1,0,شوفاژ_کولر_آسانسور_گاز,شخصي,مسکونی
آپارتمان,1404/02/08,فرجام شرقی خ 42,4,5,1,"12,100,000,000 تومان",نوساز,مسکونی,سنگ,شخصي,0,1,0,0,3,110,3,1,MDF,ايراني فرنگي,سراميک,1,1,1,1,کولر_آسانسور_گاز,شخصي,مسکونی
آپارتمان,1404/02/08,فرجام خ حیدرخانی,4,4,1,"4,565,000,000 تومان",16,تخلیه,سنگ,شخصي,1,0,0,0,4,55,1,1,MDF,ايرانی,سراميک,0,0,1,1,کولر_گاز,شخصي,تخلیه
آپارتمان,1404/02/06,فرجام خ مظاهری,4,4,2,"11,250,000,000 تومان",25,تخلیه,سنگ,شخصي,1,0,0,0,همكف,75,2,1,MDF,ايرانی,سراميک,1,1,1,0,شوفاژ_کولر_گاز,شخصي,تخلیه
آپارتمان,1404/01/31,تهران پارس بلوار پروین خ 182,4,5,2,"4,000,000,000 تومان",20,مسکونی,سنگ,شخصي,1,0,0,0,5,63,1,1,MDF,ايرانی,سراميک,1,1,1,0,,شخصي,مسکونی
آپارتمان,1404/02/09,جشنواره خ زهدی,4,5,1,"2,200,000,000 تومان",نوساز,تخلیه,سنگ,قولنامه اي,1,0,0,0,5,50,1,1,MDF,ايرانی,سراميک,1,0,0,0,شوفاژ_کولر_پکیج_گاز,قولنامه اي,تخلیه
آپارتمان,1404/01/31,هروی خ وفامنش,4,4,1,"8,800,000,000 تومان",7,تخلیه,سنگ,شخصي,0,1,0,0,3,42,1,1,MDF,ايراني فرنگي,سراميک,1,1,1,0,شوفاژ_کولر_آسانسور_گاز,شخصي,تخلیه
آپارتمان,1404/01/30,هنگام نرسیده به 4راه استقلال,4,4,4,"6,000,000,000 تومان",22,مسکونی,سنگ,شخصي,0,1,0,0,3,75,2,1,MDF,ايرانی,سراميک,1,1,1,0,شوفاژ_کولر_گاز,شخصي,مسکونی
آپارتمان,1404/02/11,فرجام غربی خ عبادی شمالی,4,5,1,"4,480,000,000 تومان",25,تخلیه,سنگ,شخصي,0,1,0,0,زیرهمكف,64,1,1,MDF,ايراني فرنگي,سراميک,1,0,1,0,کولر_گاز,شخصي,تخلیه
آپارتمان,1404/02/06,هروی خ وفامنش,4,7,4,"17,500,000,000 تومان",18,تخلیه,سنگ,شخصي,1,0,0,0,7,122,2,1,MDF,ايراني فرنگي,نا مشخص,1,1,1,1,شوفاژ_کولر_آسانسور_پکیج_گاز,شخصي,تخلیه
آپارتمان,1404/01/30,بنی هاشم خ رحیمی,4,4,1,"9,150,000,000 تومان",6,مسکونی,سنگ,شخصي,1,0,0,0,4,61,2,1,MDF,ايراني فرنگي,سراميک,1,1,1,0,شوفاژ_کولر_آسانسور_پکیج_گاز,شخصي,مسکونی
آپارتمان,1404/02/02,هروی حسین آباد خ وفا منش,4,4,1,"35,000,000,000 تومان",11,تخلیه,سنگ,شخصي,1,0,0,0,2,55,1,1,MDF,ايرانی,سراميک,1,0,1,1,کولر_آسانسور_پکیج_گاز,شخصي,تخلیه
آپارتمان,1404/02/06,جشنواره خ امین,4,4,1,"6,000,000,000 تومان",11,مسکونی,سنگ,شخصي,0,1,0,0,1,80,2,1,MDF,ايراني فرنگي,سراميک,1,1,1,0,شوفاژ_کولر_آسانسور_حیاط_گاز,شخصي,مسکونی
آپارتمان,1404/02/07,نیروی دریائی نرسیده به خ اشرفی,4,4,2,"9,000,000,000 تومان",23,مسکونی,سنگ,شخصي,0,1,0,0,4,82,2,1,MDF,ايرانی,سراميک,1,1,1,1,شوفاژ_کولر_گاز,شخصي,مسکونی
آپارتمان,1404/02/02,جشنواره خ اسفندانی,4,4,3,"4,580,000,000 تومان",17,تخلیه,سنگ,شخصي,0,1,0,0,3,67,2,1,MDF,ايراني فرنگي,سراميک,1,0,1,0,شوفاژ_کولر_گاز,شخصي,تخلیه
آپارتمان,1404/02/09,تهرانپارس ك 118 غربی,4,6,2,"19,000,000,000 تومان",1,تخلیه,سنگ,شخصي,1,0,0,0,6,129,3,0,MDF,ايراني فرنگي,پارکت سنگ,1,1,1,1,آسانسور_پکیج,شخصي,تخلیه
آپارتمان,1404/02/09,تهرانپارس بین فلكه اول و تیر انداز خ 154,4,4,2,"7,200,000,000 تومان",15,مسکونی,سنگ,شخصي,0,1,0,0,4,82,2,1,MDF,ايرانی,سراميک,1,0,1,0,شوفاژ_کولر_آسانسور_گاز,شخصي,مسکونی
آپارتمان,1404/02/03,اتوبان بابایی شهرك بهشتی,4,18,10,"12,000,000,000 تومان",3,مسکونی,سنگ,تعاوني,0,1,0,0,16,100,2,1,MDF,ايراني فرنگي,سراميک,1,1,1,1,آسانسور_چیلر_گاز,تعاوني,مسکونی
آپارتمان,1404/02/09,هروی نرسیده به خ افتخاریان,4,5,4,"16,650,000,000 تومان",1,تخلیه,سنگ,شخصي,0,1,0,0,5,90,2,1,MDF,ايراني فرنگي,سنگ,0,1,1,1,کولر_آسانسور_گاز,شخصي,تخلیه
آپارتمان,1404/02/09,فرجام خ احدزاده,4,4,2,"9,500,000,000 تومان",23,مسکونی,سنگ,شخصي,1,0,0,0,2,85,2,1,MDF,ايراني فرنگي,سراميک,1,1,1,1,شوفاژ_کولر_گاز,شخصي,مسکونی
آپارتمان,1404/02/01,نیروی دریائی نرسیده به ك صادقی,4,6,2,"11,400,000,000 تومان",2,مسکونی,سنگ,شخصي,0,1,0,0,1,95,2,1,MDF,ايراني فرنگي,سراميک,1,1,1,1,کولر_آسانسور_گاز,شخصي,مسکونی
آپارتمان,1404/02/07,بنی هاشم نرسیده به خ رحیمی كلور,4,5,4,"18,500,000,000 تومان",11,اجاره,سنگ,شخصي,0,1,0,0,4,102,2,1,MDF,ايراني فرنگي,سنگ,1,1,1,1,شوفاژ_کولر_آسانسور_گاز,شخصي,اجاره
آپارتمان,1404/02/07,نیروی دریائی خ الزهرا,4,5,4,"7,000,000,000 تومان",30,مسکونی,سنگ,شخصي,1,0,0,0,همكف,103,3,1,MDF,ايراني فرنگي,سراميک,1,0,0,1,شوفاژ_کولر_گاز,شخصي,مسکونی
آپارتمان,1404/01/31,شمس آباد خ ریحانی,4,5,3,"6,200,000,000 تومان",17,تخلیه,سنگ,شخصي,1,1,0,0,2,50,1,1,MDF,فرنگی,سنگ,1,0,1,0,شوفاژ_کولر_آسانسور_گاز,شخصي,تخلیه
آپارتمان,1404/01/30,تهرانپارس بلوار پروین خ 186شرقی,4,6,2,"4,700,000,000 تومان",15,تخلیه,گرانيت,شخصي,1,0,0,0,1,63,1,1,MDF,ايرانی,سراميک,1,0,1,1,شوفاژ_کولر_آسانسور_گاز,شخصي,تخلیه
آپارتمان,1404/01/30,تهرانپارس میدان پروین خ 137شرقی,4,4,3,"3,550,000,000 تومان",12,مسکونی,سنگ,شخصي,0,1,0,0,3,50,1,1,MDF,ايرانی,سراميک,1,0,1,1,شوفاژ_کولر_آسانسور_گاز,شخصي,مسکونی
آپارتمان,1404/02/03,بنی هاشم خ مرادی,4,4,2,"7,800,000,000 تومان",12,تخلیه,سنگ,شخصي,1,0,0,0,3,47,1,1,MDF,ايرانی,سراميک,1,0,1,0,شوفاژ_کولر,شخصي,تخلیه
آپارتمان,1404/02/07,بنی هاشم جنوبی خ حاجی پور,4,4,1,"6,500,000,000 تومان",28,تخلیه,سنگ,شخصي,0,1,0,0,3,85,2,1,MDF,ايراني فرنگي,سنگ,1,1,1,1,شوفاژ_کولر_گاز,شخصي,تخلیه
آپارتمان,1404/01/28,هروی حسین آباد خ مژده,4,11,9,"22,200,000,000 تومان",2,تخلیه,سنگ,شخصي,1,0,0,0,7,120,2,1,MDF,ايراني فرنگي,سراميک,1,1,1,0,شوفاژ_کولر_آسانسور_گاز,شخصي,تخلیه
آپارتمان,1404/02/08,تهرانپارس بلوار پروین بین بلوار پروین و 131,4,4,3,"4,500,000,000 تومان",22,تخلیه,سنگ,شخصي,0,1,0,0,4,58,1,1,هایگلاس,فرنگی,سراميک,1,0,1,0,شوفاژ_کولر_آسانسور_گاز,شخصي,تخلیه
آپارتمان,1404/02/09,تهرانپارس بلوار پروین خ 222,4,4,4,"4,250,000,000 تومان",22,تخلیه,سنگ,شخصي,1,0,0,0,2,55,1,1,MDF,ايرانی,سراميک,1,1,1,0,شوفاژ_کولر_گاز,شخصي,تخلیه
آپارتمان,1404/02/11,تهرانپارس خ عادل,4,5,2,"9,000,000,000 تومان",11,اجاره,سنگ,شخصي,1,0,0,0,1,75,2,1,MDF,ايراني فرنگي,سراميک,1,0,1,0,کولر_آسانسور_پکیج,شخصي,اجاره
آپارتمان,1404/02/03,فرجام خیابان اردیبهشت,4,5,1,"24,300,000,000 تومان",نوساز,تخلیه,سنگ,شخصي,0,1,0,0,مختلف,180,4,2,هایگلاس,ايراني فرنگي,سنگ,1,1,1,1,آسانسور_گاز,شخصي,تخلیه
آپارتمان,1404/02/08,هروی خ حسین آباد,4,5,2,"10,800,000,000 تومان",نوساز,اجاره,سنگ,شخصي,0,1,0,0,4,60,1,1,MDF,ايراني فرنگي,سنگ,1,1,0,1,کولر_آسانسور_پکیج,شخصي,اجاره
آپارتمان,1404/02/07,لویزان خ فرشادی,4,4,1,"12,350,000,000 تومان",13,تخلیه,سنگ,شخصي,1,0,0,0,2,108,2,1,MDF,ايراني فرنگي,سراميک,1,1,1,1,شوفاژ_کولر_آسانسور,شخصي,تخلیه
آپارتمان,1404/01/31,جشنواره خ احسان,4,4,1,"4,750,000,000 تومان",21,اجاره,سنگ,شخصي,0,1,0,0,4,76,2,1,MDF,ايرانی,سراميک,1,1,1,1,کولر_گاز,شخصي,اجاره
آپارتمان,1404/01/31,بنی هاشم خ مرادی,4,4,1,"8,250,000,000 تومان",10,تخلیه,سنگ,شخصي,1,0,0,0,2,75,2,1,MDF,ايراني فرنگي,پارکت,1,1,1,0,شوفاژ_کولر_گاز,شخصي,تخلیه
آپارتمان,1404/01/28,تهرانپارس خ بهار خ 121,4,4,2,"5,456,000,000 تومان",25,اجاره,سنگ,شخصي,1,0,0,0,3,62,1,1,MDF,ايرانی,پارکت,1,0,1,1,شوفاژ_کولر_گاز,شخصي,اجاره
آپارتمان,1404/01/31,خواجه عبدالله خ غفاری,4,5,4,"6,142,000,000 تومان",30,تخلیه,سنگ,شخصي,1,0,0,0,3,74,2,1,MDF,فرنگی,سراميک,0,0,0,0,شوفاژ_کولر_حیاط_زیر زمین_مستخدم_پکیج_گاز,شخصي,تخلیه
آپارتمان,1404/02/09,شمس آباد بلواربیژن,4,5,2,"27,225,000,000 تومان",نوساز,تخلیه,سنگ,شخصي,0,1,0,0,5,165,3,0,MDF,ايراني فرنگي,سراميک,1,0,1,1,کولر_آسانسور_پکیج_گاز,شخصي,تخلیه
آپارتمان,1404/02/03,جشنواره بعد از چهارراه سیدالشهدا,4,4,1,"6,800,000,000 تومان",18,مسکونی,گرانيت,شخصي,1,0,0,0,3,85,2,1,MDF,ايراني فرنگي,سنگ,1,0,1,0,شوفاژ_کولر_آسانسور,شخصي,مسکونی
آپارتمان,1404/01/31,تهران پارس فلكه 3 خ 196 شرقی,4,4,4,"7,300,000,000 تومان",30,اجاره,سنگ,شخصي,1,0,0,0,4,96,2,1,MDF,ايراني فرنگي,سراميک,1,1,1,0,کولر_گاز,شخصي,اجاره
آپارتمان,1404/01/30,تهرانپارس خ رشید,4,5,2,"18,415,000,000 تومان",نوساز,مسکونی,سنگ,شخصي,1,0,0,0,3,127,3,1,MDF,ايراني فرنگي,سراميک,1,1,1,1,کولر_فن کوئر_آسانسور_پکیج_گاز,شخصي,مسکونی
آپارتمان,1404/02/08,فرجام شرقی خ 42,4,5,1,"14,630,000,000 تومان",نوساز,مسکونی,سنگ,شخصي,0,1,0,0,3,133,3,1,MDF,ايراني فرنگي,سراميک,1,1,1,1,کولر_آسانسور_گاز,شخصي,مسکونی
آپارتمان,1404/02/02,حكیمیه فاز یك,4,4,4,"5,025,000,000 تومان",23,مسکونی,آجر,شخصي,0,1,0,0,2,67,1,1,فلزي,ايرانی,سراميک,1,1,1,1,شوفاژ_کولر_گاز,شخصي,مسکونی
آپارتمان,1404/02/01,تهرانپارس عادل,4,4,4,"7,000,000,000 تومان",20,تخلیه,سنگ,شخصي,0,0,0,1,4,73,2,1,MDF,ايراني فرنگي,لامنيت,1,1,1,0,شوفاژ_کولر_گاز,شخصي,تخلیه
آپارتمان,1404/02/03,شمس آباد میدان ملت,4,6,4,"10,200,000,000 تومان",4,تخلیه,سنگ,شخصي,1,1,0,0,5,88,1,1,MDF,ايراني فرنگي,سراميک,1,1,0,1,شوفاژ_کولر_آسانسور_پکیج_گاز,شخصي,تخلیه
آپارتمان,1404/02/01,حكیمیه خ اركیده,4,6,2,"15,240,000,000 تومان",5,مسکونی,سنگ,شخصي,1,0,0,0,3,127,2,1,MDF,ايراني فرنگي,سنگ,1,1,1,1,کولر_آسانسور_پکیج_گاز,شخصي,مسکونی
آپارتمان,1404/02/03,هروی حسین آباد خ مژده,4,4,3,"8,200,000,000 تومان",28,تخلیه,سنگ,شخصي,1,0,0,0,3,68,1,1,MDF,فرنگی,سنگ,1,1,1,0,شوفاژ_کولر,شخصي,تخلیه
آپارتمان,1404/01/30,اتوبان بابایی شهرك بهشتی,4,8,5,"7,000,000,000 تومان",12,مسکونی,سيمان,تعاوني,1,0,0,0,4,87,2,1,MDF,ايرانی,پارکت,1,1,1,1,شوفاژ_کولر_آسانسور_پکیج_گاز,تعاوني,مسکونی
آپارتمان,1404/02/01,بنی هاشم ك تنگستانی,4,4,1,"11,500,000,000 تومان",1,تخلیه,سنگ,شخصي,1,1,0,0,3,83,2,1,MDF,ايراني فرنگي,سراميک,1,1,1,1,شوفاژ_کولر_آسانسور_پکیج_گاز,شخصي,تخلیه
آپارتمان,1404/01/31,تهرانپارس فلكه دوم خ 160 غربی,4,4,2,"6,300,000,000 تومان",16,اجاره,سنگ,شخصي,0,1,0,0,2,75,2,0,MDF,ايراني فرنگي,سنگ,1,0,1,1,شوفاژ_کولر,شخصي,اجاره
آپارتمان,1404/02/07,تهران پارس خ 184 غربی,4,5,3,"10,355,000,000 تومان",22,مسکونی,سنگ,شخصي,1,0,0,0,5,109,2,1,MDF,ايراني فرنگي,سراميک,1,1,1,0,شوفاژ_کولر_آسانسور_گاز,شخصي,مسکونی
آپارتمان,1404/02/03,اتوبان بابایی شهرك بهشتی,4,24,8,"9,500,000,000 تومان",1,مسکونی,سنگ,تعاوني,0,1,0,0,10,103,2,1,MDF,ايراني فرنگي,سراميک,1,1,1,1,کولر_آسانسور_پکیج_گاز,تعاوني,مسکونی
آپارتمان,1404/02/08,هنگام شمیران نو خ غفاری,4,5,1,"2,200,000,000 تومان",8,تخلیه,سنگ,قولنامه اي,0,1,0,0,2,65,1,1,MDF,ايرانی,سراميک,1,0,1,1,شوفاژ_کولر_گاز,قولنامه اي,تخلیه
آپارتمان,1404/02/07,فرجام خ مظاهری,4,4,4,"6,000,000,000 تومان",23,اجاره,آجر سه سانت,شخصي,1,0,0,1,2,54,2,1,فلزي,ايرانی,سراميک,1,1,0,0,شوفاژ_کولر_آسانسور_گاز,شخصي,اجاره
آپارتمان,1404/02/02,لویزان شیان 3,4,4,4,"17,800,000,000 تومان",22,اجاره,سنگ,شخصي,0,0,1,1,1,125,2,1,MDF,فرنگی,سنگ,1,1,1,0,شوفاژ_کولر_آسانسور,شخصي,اجاره
آپارتمان,1404/02/10,فرجام میدان 100,4,5,2,"16,320,000,000 تومان",15,مسکونی,سنگ,شخصي,1,0,0,0,5,136,3,1,MDF,ايراني فرنگي,سراميک,1,1,1,0,شوفاژ_کولر_آسانسور,شخصي,مسکونی
آپارتمان,1404/02/11,سراج نرسیده به ك عنبرستانی,4,4,2,"4,250,000,000 تومان",16,مسکونی,سنگ,شخصي,0,1,0,0,1,41,1,1,نا مشخص,ايرانی,سراميک,1,1,1,0,شوفاژ_کولر_گاز,شخصي,مسکونی
آپارتمان,1404/02/07,مجیدیه شمالی خ امیرنیا,4,4,2,"8,500,000,000 تومان",10,تخلیه,سنگ,شخصي,1,0,0,0,4,57,1,1,MDF,ايراني فرنگي,سراميک,1,1,0,1,شوفاژ_کولر_آسانسور_گاز,شخصي,تخلیه
آپارتمان,1404/02/06,تهرانپارس خ رشید,4,3,4,"15,345,000,000 تومان",546,17,30,مسکونی,1,1,0,0,همكف,88,2,2,MDF,ايراني فرنگي,سنگ,1,1,1,0,کولر_گاز,شخصي,مسکونی
آپارتمان,1404/02/07,جشنواره خ محمدی شمالی,4,5,3,"9,000,000,000 تومان",نوساز,تخلیه,سنگ,شخصي,0,1,0,0,1,100,2,1,MDF,ايراني فرنگي,سراميک,1,1,1,1,شوفاژ_کولر_آسانسور_گاز,شخصي,تخلیه
آپارتمان,1404/01/30,جشنواره خ زارع,4,4,2,"4,000,000,000 تومان",18,مسکونی,سنگ,شخصي,0,1,0,0,3,50,1,1,MDF,ايرانی,سراميک,1,0,1,0,کولر_گاز,شخصي,مسکونی
آپارتمان,1404/02/02,شمس آباد خ ریحانی جنوبی,4,5,2,"14,500,000,000 تومان",20,مسکونی,سنگ,شخصي,1,1,0,0,1,121,2,1,MDF,ايراني فرنگي,سراميک,1,1,1,1,کولر_آسانسور_پکیج_گاز,شخصي,مسکونی
آپارتمان,1404/02/07,اتوبان بابایی شهرك شهید بهشتی,4,19,20,"10,670,000,000 تومان",3,اجاره,ترکیبی,تعاوني,1,0,0,0,13,97,2,1,MDF,ايراني فرنگي,سراميک,1,1,1,1,آسانسور_چیلر,تعاوني,اجاره
آپارتمان,1404/02/07,هنگام شمیران نو ك یكم,4,3,1,"1,650,000,000 تومان",30,اجاره,ترکیبی,قولنامه اي,0,1,0,0,1,55,1,0,MDF,ايرانی,سنگ,1,0,1,0,کولر_گاز,قولنامه اي,اجاره
آپارتمان,1404/02/03,فرجام خ منظری داشكنی,4,2,1,"15,000,000,000 تومان",30,اجاره,سنگ,شخصي,0,1,0,0,1,75,2,1,MDF,ايراني فرنگي,سراميک,1,1,1,0,شوفاژ_کولر_پکیج_گاز,شخصي,اجاره
آپارتمان,1404/01/31,جشنواره خ زهدی,4,4,6,"3,600,000,000 تومان",24,تخلیه,سنگ,شخصي,0,1,0,0,1,60,2,1,MDF,ايرانی,سراميک,1,1,0,1,کولر_گاز,شخصي,تخلیه
آپارتمان,1404/02/09,هروی حسین آباد,4,5,4,"16,500,000,000 تومان",3,تخلیه,سنگ,شخصي,0,1,0,0,2,97,2,1,MDF,ايراني فرنگي,سنگ,1,1,1,0,شوفاژ_کولر_آسانسور_پکیج_گاز,شخصي,تخلیه
آپارتمان,1404/02/08,تهرانپارس میدان شاهد,4,4,2,"6,200,000,000 تومان",20,مسکونی,سنگ,شخصي,0,1,0,0,3,67,2,1,MDF,ايراني فرنگي,پارکت,1,1,1,1,شوفاژ_کولر,شخصي,مسکونی
آپارتمان,1404/01/31,حكیمیه بلوار شهیدان,4,4,2,"9,000,000,000 تومان",19,اجاره,ترکیبی,تعاوني,1,0,0,0,4,125,3,1,فلزي,ايرانی,موکت,1,1,1,1,کولر_پکیج_گاز,تعاوني,اجاره
آپارتمان,1404/02/07,تهرانپارس بلوار پروین ك آذری,4,4,2,"4,000,000,000 تومان",26,مسکونی,آجر سه سانت,شخصي,1,0,0,0,2,58,2,1,MDF,ايرانی,سراميک,1,0,1,0,کولر_گاز,شخصي,مسکونی
آپارتمان,1404/02/01,شهیدعراقی ك حق گو,4,4,1,"13,860,000,000 تومان",نوساز,تخلیه,سنگ,شخصي,0,1,0,0,3,63,1,1,هایگلاس,ايراني فرنگي,سراميک,1,1,0,1,کولر_آسانسور_پکیج_گاز,شخصي,تخلیه
آپارتمان,1404/02/07,تهرانپارس خ 218 غربی,4,5,3,"13,000,000,000 تومان",18,اجاره,سنگ,شخصي,1,0,0,0,4,129,3,1,هایگلاس,ايراني فرنگي,سنگ,1,1,1,0,کولر_آسانسور_پکیج,شخصي,اجاره
آپارتمان,1404/02/01,هروی حسین آّباد,4,11,12,"16,000,000,000 تومان",3,مسکونی,سنگ,شخصي,1,0,0,0,10,102,2,1,MDF,ايراني فرنگي,سراميک,1,1,1,1,شوفاژ_کولر_آسانسور_گاز,شخصي,مسکونی
آپارتمان,1404/02/06,تهرانپارس بلوار پروین ك جعفری,4,4,2,"5,100,000,000 تومان",15,تخلیه,سنگ,شخصي,1,0,0,0,4,60,1,1,MDF,ايرانی,سراميک,1,1,1,1,شوفاژ_کولر_آسانسور_گاز,شخصي,تخلیه
آپارتمان,1404/02/08,تهرانپارس فلكه دوم,4,3,2,"4,800,000,000 تومان",19,تخلیه,سنگ,شخصي,1,0,0,0,2,47,1,1,MDF,فرنگی,سنگ,1,0,1,0,شوفاژ_کولر,شخصي,تخلیه
آپارتمان,1404/02/03,بنی هاشم خ مرادی,4,5,3,"6,500,000,000 تومان",18,اجاره,سنگ,شخصي,0,0,1,1,همكف,75,2,1,MDF,ايراني فرنگي,سراميک,1,0,1,1,شوفاژ_کولر_آسانسور_پکیج_گاز,شخصي,اجاره
آپارتمان,1404/02/02,سراج خ سروش,4,5,2,"8,300,000,000 تومان",10,تخلیه,سنگ,شخصي,1,0,0,0,1,83,2,1,MDF,ايرانی,سراميک,1,1,1,1,شوفاژ_کولر_آسانسور_گاز,شخصي,تخلیه
آپارتمان,1404/02/10,فرجام شرقی خ ملك لو,4,4,4,"3,550,000,000 تومان",18,اجاره,سنگ,شخصي,1,0,0,0,1,47,1,1,MDF,ايرانی,سراميک,1,0,1,0,شوفاژ_کولر_گاز,شخصي,اجاره
آپارتمان,1404/01/31,تهرانپارس فلكه سوم خ 196 غربی خ شهید آهنی آمینه,4,4,1,"5,500,000,000 تومان",22,مسکونی,سنگ,شخصي,1,0,0,0,4,78,2,1,MDF,ايراني فرنگي,پارکت,1,0,1,0,کولر_گاز,شخصي,مسکونی
آپارتمان,1404/02/09,بزرگراه بابایی شهرك شهید بهشتی,4,4,6,"8,300,000,000 تومان",16,تخلیه,سيمان,تعاوني,1,0,0,0,2,75,2,1,MDF,ايراني فرنگي,سراميک,1,1,1,1,شوفاژ_آسانسور,تعاوني,تخلیه
آپارتمان,1404/02/02,جشنواره خ اسفندانی,4,4,2,"4,500,000,000 تومان",18,مسکونی,سنگ,شخصي,0,1,0,0,4,69,2,1,MDF,ايرانی,سراميک,1,1,1,0,شوفاژ_کولر_گاز,شخصي,مسکونی
آپارتمان,1404/02/09,تهرانپارس خ 176,4,3,2,"4,400,000,000 تومان",21,مسکونی,سنگ,مسکوني,1,0,0,0,3,55,2,1,MDF,ايرانی,سراميک,1,0,1,0,شوفاژ_کولر_گاز,مسکوني,مسکونی
آپارتمان,1404/01/30,تهرانپارس خ بهار,4,5,3,"11,500,000,000 تومان",10,مسکونی,سنگ,شخصي,1,0,0,0,4,96,2,1,MDF,ايراني فرنگي,سنگ,1,1,1,1,شوفاژ_کولر_آسانسور,شخصي,مسکونی
آپارتمان,1404/01/31,فرجام خ احدزاده,4,6,4,"10,500,000,000 تومان",6,اجاره,سنگ,شخصي,1,0,0,0,6,105,2,1,MDF,ايراني فرنگي,سراميک,1,1,1,1,شوفاژ_کولر_آسانسور,شخصي,اجاره
آپارتمان,1404/01/31,هنگام شمیران نو,4,4,1,"4,000,000,000 تومان",23,مسکونی,سنگ,شخصي,0,1,0,0,1,75,2,1,MDF,ايرانی,سراميک,1,0,1,1,کولر_گاز,شخصي,مسکونی
آپارتمان,1404/02/02,مجیدیه شمالی استاد حسن بنای شمالی,4,5,4,"14,000,000,000 تومان",13,مسکونی,سنگ,شخصي,1,0,0,0,2,101,2,1,MDF,ايراني فرنگي,سنگ,1,1,1,0,شوفاژ_کولر_آسانسور_پکیج_گاز,شخصي,مسکونی
آپارتمان,1404/02/07,هروی حسین آباد,4,5,2,"20,000,000,000 تومان",20,تخلیه,سنگ,شخصي,1,1,0,0,همكف,200,3,1,MDF,ايراني فرنگي,پارکت,1,0,1,0,شوفاژ_کولر_آسانسور_گاز,شخصي,تخلیه
آپارتمان,1404/02/09,سراج نرسیده به ك قیوم آبادی,4,3,2,"4,100,000,000 تومان",27,تخلیه,سنگ,شخصي,1,0,0,0,3,65,2,1,فلزي,ايرانی,سراميک,1,0,1,1,کولر_گاز,شخصي,تخلیه
آپارتمان,1404/02/01,شمس اباد خ منصوری,4,3,---,"4,900,000,000 تومان",30,مسکونی,سنگ,شخصي,0,1,0,0,3,47,1,1,MDF,فرنگی,سراميک,1,0,0,0,کولر_پکیج_گاز,شخصي,مسکونی
آپارتمان,1404/02/10,شمس آباد خ منصوری,4,4,1,"6,000,000,000 تومان",نوساز,تخلیه,سنگ,شخصي,0,1,0,0,1,46,1,1,MDF,ايراني فرنگي,سراميک,1,0,0,1,شوفاژ_کولر_آسانسور_پکیج_گاز,شخصي,تخلیه
آپارتمان,1404/02/08,هروی خ گلزار,4,6,2,"75,000,000,000 تومان",نوساز,تخلیه,سنگ,شخصي,1,0,0,0,2,300,4,0,ندارد,ايراني فرنگي,سنگ,1,1,1,0,کولر_آسانسور_گاز,شخصي,تخلیه
آپارتمان,1404/02/02,تهرانپارس بلوار پروین خ 212,4,5,3,"13,000,000,000 تومان",16,تخلیه,سنگ,شخصي,1,0,0,0,3,115,3,1,هایگلاس,ايراني فرنگي,پارکت,1,1,1,1,کولر_آسانسور_پکیج,شخصي,تخلیه
آپارتمان,1404/01/28,هنگام شمیران نو,4,4,1,"2,500,000,000 تومان",24,مسکونی,سنگ,قولنامه اي,0,1,0,0,همكف,55,1,1,MDF,ايرانی,سراميک,1,0,0,0,کولر_گاز,قولنامه اي,مسکونی
آپارتمان,1404/01/28,جشنواره خ هلیسایی,4,5,3,"12,650,000,000 تومان",نوساز,تخلیه,سنگ,شخصي,0,1,0,0,مختلف,115,3,1,MDF,ايراني فرنگي,سراميک,1,1,1,1,کولر_آسانسور_پکیج_گاز,شخصي,تخلیه
آپارتمان,1404/02/03,هنگام شمیران نو خ دوم,4,3,1,"1,950,000,000 تومان",12,اجاره,سيمان,مسکوني,0,1,0,0,2,60,1,1,فلزي,ايرانی,سراميک,1,0,1,1,کولر_گاز,مسکوني,اجاره
آپارتمان,1404/02/07,تهرانپارس فلكه اول,4,4,2,"6,300,000,000 تومان",22,تخلیه,سنگ,شخصي,1,0,0,0,4,70,2,1,MDF,ايرانی,سنگ,1,0,1,1,شوفاژ_کولر_گاز,شخصي,تخلیه
آپارتمان,1404/02/02,جشنواره خ محمدی,4,4,2,"4,850,000,000 تومان",26,اجاره,آجر سه سانت,شخصي,1,0,0,0,4,57,1,1,MDF,ايرانی,سراميک,1,1,1,1,کولر_پکیج_گاز,شخصي,اجاره
آپارتمان,1404/02/07,تهرانپارس ك 206 غربی,4,5,3,"5,000,000,000 تومان",22,مسکونی,سنگ,شخصي,1,0,0,0,3,57,1,1,MDF,ايرانی,سراميک,1,0,1,1,شوفاژ_کولر_آسانسور,شخصي,مسکونی
آپارتمان,1404/02/02,جشنواره خ مهران سجده ای شمالی,4,4,1,"8,200,000,000 تومان",24,مسکونی,سنگ,شخصي,0,1,0,0,4,110,2,1,MDF,ايرانی,سراميک,1,1,1,1,شوفاژ_کولر,شخصي,مسکونی
آپارتمان,1404/02/01,تهرانپارس خ 190 غربی,4,5,4,"13,000,000,000 تومان",18,مسکونی,سنگ,شخصي,1,0,0,0,1,130,2,1,هایگلاس,فرنگی,سنگ,1,1,1,1,شوفاژ_کولر_آسانسور_استخر_سونا_جکوزی_گاز,شخصي,مسکونی
آپارتمان,1404/02/01,جشنواره شهرك فیلیپس,4,4,2,"3,950,000,000 تومان",18,تخلیه,سنگ,شخصي,0,1,0,0,1,43,1,1,MDF,ايرانی,سراميک,1,0,1,0,کولر_گاز,شخصي,تخلیه
آپارتمان,1404/01/31,حكیمیه شهرك والفجر,4,6,2,"12,500,000,000 تومان",1,مسکونی,سنگ,شخصي,1,0,0,0,5,126,2,1,MDF,ايراني فرنگي,سراميک,1,1,1,1,کولر_آسانسور_گاز,شخصي,مسکونی
آپارتمان,1404/01/30,هروی خ افتخاریان,4,5,2,"14,000,000,000 تومان",14,مسکونی,سنگ,شخصي,1,0,0,0,2,90,2,1,MDF,ايراني فرنگي,سنگ,1,1,1,1,شوفاژ_کولر_آسانسور,شخصي,مسکونی
آپارتمان,1404/02/07,شمس آباد خ شهید كرد,4,6,4,"9,360,000,000 تومان",6,مسکونی,سنگ,شخصي,1,0,0,0,3,80,2,1,نا مشخص,ايراني فرنگي,سراميک,0,1,1,1,شوفاژ_کولر_آسانسور_گاز,شخصي,مسکونی
آپارتمان,1404/01/30,خواجه عبدالله نرسیده به ك دهم,4,5,2,"17,920,000,000 تومان",17,تخلیه,گرانيت,شخصي,1,0,0,0,4,128,3,1,MDF,ايراني فرنگي,سراميک,1,1,1,1,شوفاژ_کولر_آسانسور_پکیج_گاز,شخصي,تخلیه
آپارتمان,1404/02/11,فرجام غربی خ حیدرخانی,4,6,3,"11,900,000,000 تومان",4,تخلیه,سنگ,شخصي,1,0,0,0,3,85,1,1,MDF,ايراني فرنگي,سراميک,1,1,1,1,شوفاژ_کولر_آسانسور_پکیج_گاز,شخصي,تخلیه
آپارتمان,1404/02/08,تهرانپارس میدان شاهد,4,4,1,"6,500,000,000 تومان",25,مسکونی,سنگ,شخصي,0,1,0,0,3,75,2,1,MDF,ايراني فرنگي,سراميک,1,0,1,1,شوفاژ_کولر_گاز,شخصي,مسکونی
آپارتمان,1404/02/08,تهرانپارس خ وفادار شرقی خ 137,4,4,1,"8,000,000,000 تومان",5,مسکونی,سنگ,شخصي,1,0,0,0,4,92,2,2,MDF,ايراني فرنگي,سنگ,1,1,1,1,کولر_آسانسور_پکیج_گاز,شخصي,مسکونی
آپارتمان,1404/01/28,جشنواره خ درختی,4,4,2,"8,000,000,000 تومان",20,اجاره,سنگ,شخصي,0,1,0,0,3,100,2,1,MDF,ايراني فرنگي,سراميک,1,1,1,1,شوفاژ_کولر_گاز,شخصي,اجاره
آپارتمان,1404/02/02,بنی هاشم خ قدیری,4,4,1,"7,050,000,000 تومان",16,مسکونی,سنگ,شخصي,0,1,0,0,3,72,2,1,MDF,ايراني فرنگي,سنگ,1,1,1,1,کولر_گاز,شخصي,مسکونی
آپارتمان,1404/02/03,فرجام خ حیدرخانی,4,4,2,"5,800,000,000 تومان",24,مسکونی,سنگ,شخصي,0,1,0,0,4,67,2,1,MDF,ايراني فرنگي,سراميک,0,1,0,0,کولر_گاز,شخصي,مسکونی
آپارتمان,1404/01/30,مجیدیه شمالی خ محمودی,4,4,4,"7,000,000,000 تومان",27,مسکونی,کامپوزيت,شخصي,1,0,0,0,2,88,2,1,MDF,ايراني فرنگي,لامنيت,1,0,1,1,شوفاژ_کولر_گاز,شخصي,مسکونی
آپارتمان,1404/02/01,هنگام شمیران نو خ غفاری,4,4,1,"9,000,000,000 تومان",1,مسکونی,سنگ,شخصي,1,0,0,0,4,120,3,0,هایگلاس,ايرانی,سراميک,1,1,1,1,شوفاژ_کولر_گاز,شخصي,مسکونی
آپارتمان,1404/01/28,شهیدعراقی خ ملكی نسب,4,3,2,"13,500,000,000 تومان",30,مسکونی,سنگ,شخصي,0,1,0,0,3,100,2,1,MDF,ايراني فرنگي,سراميک,1,1,1,0,شوفاژ_کولر_گاز,شخصي,مسکونی
آپارتمان,1404/01/31,تهرانپارس خ استخر,4,5,2,"11,637,000,000 تومان",8,مسکونی,سنگ,شخصي,1,0,0,0,4,122,2,1,MDF,ايراني فرنگي,سراميک,1,1,1,1,شوفاژ_کولر_آسانسور_پکیج_گاز,شخصي,مسکونی
آپارتمان,1404/01/30,تهرانپارس شرقی بلوار پروین خ 218,4,5,2,"11,020,000,000 تومان",1,اجاره,سنگ,شخصي,0,1,0,0,4,116,2,1,MDF,ايراني فرنگي,سراميک,1,1,1,0,شوفاژ_کولر_آسانسور_پکیج_گاز,شخصي,اجاره
آپارتمان,1404/02/03,تهرانپارس خ 160 غربی,4,5,1,"19,500,000,000 تومان",نوساز,تخلیه,سنگ,شخصي,1,0,0,0,3,150,3,1,هایگلاس,ايراني فرنگي,سراميک,1,1,1,1,آسانسور_پکیج_گاز,شخصي,تخلیه
آپارتمان,1404/02/02,تهران پارس خ استخر,4,3,3,"5,000,000,000 تومان",25,مسکونی,سنگ,شخصي,0,1,0,0,3,63,2,1,MDF,ايرانی,PVC,1,0,1,0,کولر_گاز,شخصي,مسکونی
آپارتمان,1404/02/01,حكیمیه بلوار ساحل,4,5,4,"8,000,000,000 تومان",3,مسکونی,سنگ,شخصي,1,0,0,0,1,87,2,1,MDF,ايراني فرنگي,سراميک,1,1,1,0,کولر_آسانسور_پکیج_گاز,شخصي,مسکونی
آپارتمان,1404/02/08,بزرگراه بابایی شهرك شهیدبهشتی,4,19,6,"9,500,000,000 تومان",نوساز,مسکونی,سيمان,تعاوني,1,0,0,0,15,95,2,1,ندارد,ايراني فرنگي,سراميک,1,1,1,1,کولر_آسانسور_چیلر_گاز,تعاوني,مسکونی
آپارتمان,1404/01/28,تهرانپارس خ 188غربی,4,5,2,"14,000,000,000 تومان",15,مسکونی,سنگ,شخصي,0,1,0,0,3,117,2,1,MDF,ايراني فرنگي,سنگ,1,1,1,1,شوفاژ_کولر_آسانسور_گاز,شخصي,مسکونی
آپارتمان,1404/02/02,تهرانپارس چهارراه تیرانداز,4,5,2,"8,300,000,000 تومان",30,مسکونی,سنگ,شخصي,1,0,0,0,2,87,2,1,MDF,ايرانی,سراميک,1,0,1,1,شوفاژ_کولر_آسانسور_گاز,شخصي,مسکونی
آپارتمان,1404/02/08,قنات كوثر خ دهم,4,5,2,"12,000,000,000 تومان",7,مسکونی,سنگ,شخصي,0,1,0,0,4,95,2,1,MDF,ايراني فرنگي,سنگ,1,1,1,1,کولر_آسانسور_گاز,شخصي,مسکونی
آپارتمان,1404/01/31,قنات كوثر كوی دوم,4,4,2,"5,250,000,000 تومان",22,مسکونی,آجر سه سانت,شخصي,0,1,0,0,4,75,2,1,MDF,ايرانی,سراميک,1,0,1,0,شوفاژ_کولر_گاز,شخصي,مسکونی
آپارتمان,1404/02/02,بنی هاشم خ پرتوی,4,4,1,"7,920,000,000 تومان",نوساز,تخلیه,سنگ,شخصي,1,0,0,0,1,72,1,1,MDF,ايراني فرنگي,سراميک,1,0,1,0,شوفاژ_کولر_آسانسور_پکیج_گاز,شخصي,تخلیه
آپارتمان,1404/02/01,فرجام خ عبادی,4,4,3,"3,600,000,000 تومان",22,اجاره,سنگ,شخصي,0,0,0,1,3,50,1,1,فلزي,ايرانی,سراميک,1,0,1,0,شوفاژ_کولر_فن کوئر,شخصي,اجاره
آپارتمان,1404/01/28,تهرانپارس خ 222غربی,4,5,3,"9,400,000,000 تومان",16,تخلیه,گرانيت,شخصي,1,0,0,0,5,71,2,1,MDF,ايراني فرنگي,سنگ,1,1,1,1,شوفاژ_کولر_آسانسور_پکیج_گاز,شخصي,تخلیه
آپارتمان,1404/02/10,سراج سروش,4,6,4,"6,560,000,000 تومان",7,مسکونی,سنگ,شخصي,1,0,0,0,3,82,2,0,MDF,ايراني فرنگي,سراميک,1,1,1,0,کولر_آسانسور_پکیج,شخصي,مسکونی
آپارتمان,1404/02/10,تهرانپارس خ 196غربی,4,4,3,"5,200,000,000 تومان",24,مسکونی,سنگ,شخصي,0,1,0,1,4,70,2,1,MDF,ايرانی,سراميک,1,0,1,0,شوفاژ_کولر_گاز,شخصي,مسکونی
آپارتمان,1404/02/10,اتوبان بابایی شهرك شهپریان,4,12,10,"9,000,000,000 تومان",7,اجاره,سنگ,تعاوني,1,0,0,0,11,98,2,1,هایگلاس,ايراني فرنگي,سراميک,1,1,1,1,شوفاژ_کولر_آسانسور_گاز,تعاوني,اجاره
آپارتمان,1404/02/03,هروی حسین آباد,4,11,6,"22,230,000,000 تومان",2,تخلیه,سنگ,شخصي,0,1,0,0,5,117,2,1,MDF,ايراني فرنگي,سراميک,1,1,1,1,کولر_آسانسور_گاز,شخصي,تخلیه
آپارتمان,1404/02/10,بنی هاشم خ رحیمی كلور,4,5,2,"12,500,000,000 تومان",نوساز,تخلیه,سنگ,شخصي,0,1,0,0,4,100,2,1,MDF,ايراني فرنگي,سنگ,1,1,1,1,کولر_آسانسور_پکیج_گاز,شخصي,تخلیه
آپارتمان,1404/02/09,خواجه عبدالله نرسیده به ك پنجم,4,5,2,"21,000,000,000 تومان",12,تخلیه,سنگ,شخصي,0,1,0,0,1,155,3,1,MDF,ايراني فرنگي,سراميک,1,1,1,1,کولر_آسانسور_گاز,شخصي,تخلیه
آپارتمان,1404/02/09,شمس اباد خ لاهیجانی,4,5,4,"10,900,000,000 تومان",نوساز,تخلیه,سنگ,شخصي,1,0,0,0,3,95,2,1,MDF,ايراني فرنگي,سراميک,1,1,1,0,شوفاژ_کولر_آسانسور_پکیج_گاز,شخصي,تخلیه
آپارتمان,1404/02/08,هنگام شمیران نو,4,4,1,"4,500,000,000 تومان",13,اجاره,سنگ,قولنامه اي,1,0,0,0,3,90,2,1,MDF,ايرانی,سراميک,1,0,0,0,کولر_گاز,قولنامه اي,اجاره
آپارتمان,1404/01/28,تهرانپارس خ استخر خ فراهانی,4,3,1,"4,200,000,000 تومان",15,مسکونی,سنگ,قولنامه اي,1,0,0,0,2,80,1,1,MDF,ايرانی,سنگ,1,0,1,1,کولر_گاز,قولنامه اي,مسکونی
آپارتمان,1404/02/06,هروی خ شقاقی,4,5,4,"25,000,000,000 تومان",8,مسکونی,سنگ,شخصي,1,0,0,0,همكف,167,3,1,MDF,ايراني فرنگي,سراميک,1,1,1,1,شوفاژ_کولر_آسانسور,شخصي,مسکونی
آپارتمان,1404/02/02,هنگام شمیران نو,4,4,2,"3,700,000,000 تومان",30,تخلیه,سنگ,قولنامه اي,1,0,0,0,1,65,1,1,MDF,ايرانی,سراميک,1,0,0,0,شوفاژ_کولر_گاز,قولنامه اي,تخلیه
آپارتمان,1404/02/07,تهرانپارس بلوار پروین خ واثقی,4,4,2,"6,200,000,000 تومان",23,تخلیه,سنگ,شخصي,1,0,0,0,2,73,2,1,فلزي,ايراني فرنگي,سراميک,1,1,1,1,کولر_گاز,شخصي,تخلیه
آپارتمان,1404/02/06,دلاوران تكاوران جنوبی,4,4,1,"5,500,000,000 تومان",13,مسکونی,سنگ,شخصي,0,1,0,0,4,92,2,1,MDF,ايرانی,سراميک,1,1,1,1,شوفاژ_کولر_پکیج_گاز,شخصي,مسکونی
آپارتمان,1404/01/31,جشنواره خ زارع,4,4,1,"4,900,000,000 تومان",15,مسکونی,سنگ,شخصي,1,0,0,0,4,75,2,1,MDF,ايرانی,موکت,1,0,1,1,کولر_گاز,شخصي,مسکونی
آپارتمان,1404/01/30,هروی خ آزادی,4,4,1,"16,500,000,000 تومان",30,3,تخلیه,سنگ,0,1,0,0,4,95,2,1,MDF,ايراني فرنگي,سراميک,1,1,1,1,آسانسور_پکیج,شخصي,تخلیه
آپارتمان,1404/02/08,تهران پارس خ بهار بین 109و111,4,4,1,"16,000,000,000 تومان",24,مسکونی,سنگ,شخصي,0,1,0,0,1,140,3,1,MDF,ايراني فرنگي,سراميک,1,1,1,1,شوفاژ_کولر_گاز,شخصي,مسکونی
آپارتمان,1404/02/01,فرجام غربی خ حیدرخانی,4,3,2,"5,200,000,000 تومان",30,اجاره,آجر,شخصي,0,1,0,0,1,60,1,1,MDF,ايراني فرنگي,سراميک,1,0,1,0,شوفاژ_کولر_گاز,شخصي,اجاره
آپارتمان,1404/02/02,تهرانپارس بلوار پروین خ 212,4,4,2,"4,800,000,000 تومان",18,مسکونی,سنگ,شخصي,1,0,0,0,1,75,2,1,MDF,ايرانی,پارکت,1,0,1,1,کولر_گاز,شخصي,مسکونی
آپارتمان,1404/01/30,بنی هاشم خ پرتوی خ اتحاد,4,4,2,"5,500,000,000 تومان",9,اجاره,سنگ,شخصي,0,0,0,1,1,58,1,1,MDF,ايراني فرنگي,سراميک,1,0,1,0,شوفاژ_کولر_آسانسور_گاز,شخصي,اجاره
آپارتمان,1404/01/31,تهرانپارس فلكه 4 خ 216 غربی,4,5,2,"12,200,000,000 تومان",15,مسکونی,سنگ,شخصي,0,1,0,0,1,93,2,1,هایگلاس,ايراني فرنگي,سنگ,0,1,1,1,شوفاژ_آسانسور,شخصي,مسکونی
آپارتمان,1404/02/01,حكیمیه بلوار ساحل,4,5,2,"11,500,000,000 تومان",نوساز,تخلیه,سنگ,شخصي,1,0,0,0,4,140,3,1,هایگلاس,ايراني فرنگي,سراميک,1,1,1,0,کولر_آسانسور_پکیج_گاز,شخصي,تخلیه
آپارتمان,1404/02/01,فرجام خ حیدرخانی,4,4,1,"13,000,000,000 تومان",71,6,30,تخلیه,0,1,0,0,كلی,222,5,4,MDF,ايرانی,سراميک,1,0,1,1,کولر_گاز,شخصي,تخلیه
آپارتمان,1404/02/03,هروی نرسیده به خ گلزار,4,4,3,"18,900,000,000 تومان",10,تخلیه,سنگ,شخصي,1,0,0,0,4,105,2,1,MDF,ايراني فرنگي,سنگ,1,1,0,0,شوفاژ_کولر_آسانسور_گاز,شخصي,تخلیه
آپارتمان,1404/02/02,تهرانپارس بین باقری و ایزدپناه,4,5,3,"7,300,000,000 تومان",16,مسکونی,سنگ,شخصي,1,0,0,0,4,85,2,1,MDF,ايراني فرنگي,سنگ,1,1,1,1,شوفاژ_کولر_آسانسور,شخصي,مسکونی
آپارتمان,1404/01/31,تهران پارس فلكه 1 خ بهار,4,5,3,"11,760,000,000 تومان",4,مسکونی,سنگ,شخصي,0,1,0,0,3,98,2,1,MDF,ايراني فرنگي,سنگ,1,1,1,1,کولر_آسانسور_پکیج_گاز,شخصي,مسکونی
آپارتمان,1404/02/02,تهران پارس خ 160 غربی,4,5,1,"20,640,000,000 تومان",17,مسکونی,سنگ,شخصي,0,1,0,0,1,172,3,1,MDF,ايراني فرنگي,سنگ,1,1,1,0,شوفاژ_کولر_آسانسور_حیاط_گاز,شخصي,مسکونی
آپارتمان,1404/02/01,فرجام خ احدزاده بن بست محمدی,4,4,2,"12,000,000,000 تومان",12,مسکونی,سنگ,شخصي,0,1,0,0,1,101,2,1,MDF,ايرانی,سراميک,1,1,1,1,شوفاژ_کولر_آسانسور_گاز,شخصي,مسکونی
آپارتمان,1404/02/07,تهرانپارس خ 202,4,5,1,"32,300,000,000 تومان",نوساز,مسکونی,رومالین,شخصي,1,0,0,0,3,170,3,1,نيمه مبله,ايراني فرنگي,سنگ,1,1,1,1,فن کوئر_آسانسور_پاسیو_پکیج,شخصي,مسکونی
آپارتمان,1404/02/06,تهرانپارس خ 164 غربی,4,4,1,"17,000,000,000 تومان",15,تخلیه,سنگ,شخصي,0,1,0,0,3,141,3,1,MDF,ايراني فرنگي,سنگ,1,1,1,1,شوفاژ_کولر_آسانسور_گاز,شخصي,تخلیه
آپارتمان,1404/01/31,تهرانپارس ك 182 غربی,4,5,3,"9,000,000,000 تومان",14,مسکونی,سنگ,شخصي,1,0,0,0,1,81,2,1,MDF,ايراني فرنگي,سنگ,1,1,1,0,شوفاژ_کولر_آسانسور_گاز,شخصي,مسکونی
آپارتمان,1404/02/10,تهرانپارس فلكه سوم خ 186,4,4,2,"7,500,000,000 تومان",23,مسکونی,سنگ,شخصي,0,1,0,0,4,110,2,1,MDF,ايراني فرنگي,سراميک,1,0,1,1,شوفاژ_کولر_گاز,شخصي,مسکونی
آپارتمان,1404/02/11,سراج والاییان شمالی,4,4,2,"4,500,000,000 تومان",20,مسکونی,سنگ,شخصي,1,0,0,0,3,72,1,1,MDF,ايرانی,سراميک,1,0,1,0,کولر_گاز,شخصي,مسکونی
آپارتمان,1404/01/31,فرجام غربی خ عبادی,4,5,1,"11,220,000,000 تومان",نوساز,تخلیه,سنگ,شخصي,0,1,0,1,4,102,2,1,MDF,ايراني فرنگي,سراميک,1,1,1,1,کولر_آسانسور_گاز,شخصي,تخلیه
آپارتمان,1404/02/08,هنگام بالاتراز فرجام,4,4,2,"5,400,000,000 تومان",18,مسکونی,سنگ,شخصي,0,1,0,0,2,65,2,1,MDF,ايرانی,سراميک,1,0,1,0,شوفاژ_کولر_گاز,شخصي,مسکونی
آپارتمان,1404/02/02,تهرانپارس بلوار پروین خ 182,4,5,4,"5,500,000,000 تومان",10,تخلیه,تراورتن,شخصي,1,0,0,0,1,54,1,1,هایگلاس,ايرانی,سراميک,1,1,1,1,کولر_آسانسور_حیاط خلوت_پکیج,شخصي,تخلیه
آپارتمان,1404/01/28,فرجام نرسیده به چهارراه حیدرخانی,4,4,2,"6,500,000,000 تومان",11,مسکونی,سنگ,شخصي,1,1,0,0,2,60,1,1,MDF,ايراني فرنگي,سنگ,1,0,1,0,شوفاژ_کولر_آسانسور_گاز,شخصي,مسکونی
آپارتمان,1404/02/03,سراج نرسیده به ك بیات,4,4,1,"6,400,000,000 تومان",18,تخلیه,سنگ,شخصي,1,0,0,0,3,82,2,1,MDF,ايراني فرنگي,سراميک,1,1,1,0,شوفاژ_کولر_گاز,شخصي,تخلیه
آپارتمان,1404/02/06,قنات كوثر نررسیده به ك دوم مركزی,4,4,2,"5,250,000,000 تومان",22,مسکونی,آجر سه سانت,شخصي,0,1,0,0,4,75,2,,MDF,ايراني فرنگي,سنگ,1,0,1,0,شوفاژ_کولر,شخصي,مسکونی
آپارتمان,1404/02/02,هروی حسین آباد خ مژده,4,5,3,"20,625,000,000 تومان",نوساز,تخلیه,سنگ,شخصي,1,0,0,0,1,125,3,1,دلخواه,ايراني فرنگي,سراميک,1,1,1,1,شوفاژ_کولر_آسانسور_گاز,شخصي,تخلیه
آپارتمان,1404/01/31,میدان رسالت خ طرقی,4,4,2,"7,200,000,000 تومان",15,مسکونی,سنگ,شخصي,0,1,0,0,2,70,2,1,MDF,ايراني فرنگي,سنگ,1,1,1,0,شوفاژ_کولر_پکیج_گاز,شخصي,مسکونی
آپارتمان,1404/02/10,تهرانپارس خ 204غربی,4,5,2,"5,800,000,000 تومان",20,تخلیه,سنگ,شخصي,1,0,0,0,2,58,1,1,MDF,ايرانی,پارکت,1,0,1,1,شوفاژ_کولر_آسانسور_گاز,شخصي,تخلیه
آپارتمان,1404/02/03,تهرانپارس خ استخر,4,3,1,"1,490,000,000 تومان",19,تخلیه,سنگ,قولنامه اي,0,1,0,0,زیرهمكف,45,1,1,MDF,ايرانی,موزائيک,1,0,1,0,کولر_گاز,قولنامه اي,تخلیه
آپارتمان,1404/02/01,جشنواره خ احسان,4,7,7,"4,400,000,000 تومان",6,اجاره,سنگ,تعاوني,0,1,0,0,3,72,1,0,MDF,ايراني فرنگي,سراميک,1,1,1,0,آسانسور_پکیج,تعاوني,اجاره
آپارتمان,1404/02/01,حكیمیه بلوار فجر,4,6,2,"9,200,000,000 تومان",6,تخلیه,سنگ,شخصي,0,1,0,0,4,107,2,1,MDF,ايراني فرنگي,سنگ,1,1,1,1,شوفاژ_کولر_آسانسور_پکیج_گاز,شخصي,تخلیه
آپارتمان,1404/02/08,تهرانپارس شرقی بلوار پروین ك امین زاده,4,4,3,"3,550,000,000 تومان",22,تخلیه,سنگ,شخصي,0,1,0,0,همكف,50,1,1,MDF,ايرانی,سنگ,1,0,1,0,کولر_گاز,شخصي,تخلیه
آپارتمان,1404/02/01,اتوبان بابایی شهرك شهید بهشتی,4,20,4,"9,000,000,000 تومان",4,اجاره,سيمان,تعاوني,1,0,0,0,6,100,2,0,هایگلاس,ايراني فرنگي,سراميک,1,1,1,1,فن کوئر,تعاوني,اجاره
آپارتمان,1404/01/30,تهرانپارس بلوار پروین خ 196شرقی,4,4,2,"4,500,000,000 تومان",30,تخلیه,سنگ,شخصي,1,0,0,0,3,75,2,1,MDF,ايراني فرنگي,سراميک,1,0,1,1,شوفاژ_کولر_گاز,شخصي,تخلیه
آپارتمان,1404/02/07,قنات كوثر ك یكم,4,6,2,"7,750,000,000 تومان",17,تخلیه,سنگ,شخصي,1,1,0,0,1,96,2,1,هایگلاس,ايرانی,سراميک,1,1,1,1,کولر_آسانسور_پکیج,شخصي,تخلیه
آپارتمان,1404/02/01,تهرانپارس خ 122,4,3,2,"5,700,000,000 تومان",22,مسکونی,سنگ,شخصي,0,1,0,0,1,60,1,1,MDF,ايراني فرنگي,پارکت,1,0,1,0,شوفاژ_کولر_گاز,شخصي,مسکونی
آپارتمان,1404/02/03,حكیمیه بلوار بهار,4,9,4,"4,140,000,000 تومان",13,اجاره,سيمان,دردست اقدام,1,0,0,0,5,69,1,1,MDF,ايرانی,سراميک,1,1,1,1,کولر_آسانسور_پکیج,دردست اقدام,اجاره
آپارتمان,1404/01/28,هروی خ وفامنش,4,5,4,"25,000,000,000 تومان",17,مسکونی,سنگ,شخصي,1,0,0,0,1,165,3,1,MDF,ايراني فرنگي,پارکت,1,1,0,1,کولر_آسانسور_پکیج,شخصي,مسکونی
آپارتمان,1404/02/09,اتوبان بابایی شهرك بهشتی,4,4,6,"8,000,000,000 تومان",18,اجاره,سنگ,تعاوني,1,1,0,0,2,75,2,1,MDF,ايراني فرنگي,سراميک,1,1,1,1,شوفاژ_کولر_آسانسور_پکیج_گاز,تعاوني,اجاره
آپارتمان,1404/02/07,تهرانپارس خ بهار,4,4,2,"4,200,000,000 تومان",30,اجاره,سنگ,شخصي,0,1,0,0,زیرهمكف,45,1,0,MDF,ايراني فرنگي,سراميک,0,0,1,0,شوفاژ_کولر,شخصي,اجاره
آپارتمان,1404/02/01,هروی میدان عقیلی ك مازندرانی,4,4,1,"27,500,000,000 تومان",16,مسکونی,سنگ,شخصي,1,0,0,0,1,158,2,ابری,MDF,ايراني فرنگي,سراميک,1,1,1,1,شوفاژ_کولر_آسانسور_گاز,شخصي,مسکونی
آپارتمان,1404/02/06,شمس اباد میدان ملت,4,2,1,"18,000,000,000 تومان",20,مسکونی,سنگ,شخصي,1,0,0,0,1,105,2,1,MDF,ايراني فرنگي,سراميک,1,1,1,1,شوفاژ_کولر,شخصي,مسکونی
آپارتمان,1404/02/07,تهرانپارس خ بهار,4,5,2,"17,500,000,000 تومان",19,مسکونی,سنگ,شخصي,0,1,0,0,4,150,3,1,MDF,ايراني فرنگي,پارکت,1,1,1,1,شوفاژ_کولر_آسانسور_گاز,شخصي,مسکونی
آپارتمان,1404/02/09,حكیمیه فاز 1 خ گلریز,4,5,2,"12,000,000,000 تومان",3,تخلیه,سنگ,شخصي,1,0,0,0,5,113,2,1,MDF,ايراني فرنگي,سنگ,1,1,1,1,کولر_آسانسور_پکیج,شخصي,تخلیه
آپارتمان,1404/02/09,حكیمیه خانه گستر,4,4,2,"8,500,000,000 تومان",16,تخلیه,سنگ,شخصي,0,1,0,0,3,110,2,1,MDF,ايراني فرنگي,سراميک,1,0,1,1,شوفاژ_کولر_گاز,شخصي,تخلیه
آپارتمان,1404/02/09,تهران پارس فلكه 1 خ امیری طائمه,4,6,2,"9,200,000,000 تومان",20,مسکونی,سنگ,شخصي,1,0,0,0,3,92,2,1,MDF,ايرانی,سنگ,1,0,1,0,شوفاژ_کولر_آسانسور_گاز,شخصي,مسکونی
آپارتمان,1404/02/07,تهرانپارس شهرك شاهد,4,4,2,"4,750,000,000 تومان",24,اجاره,سنگ,شخصي,1,0,0,0,2,53,1,1,MDF,ايرانی,سراميک,1,0,1,0,کولر_گاز,شخصي,اجاره
آپارتمان,1404/02/02,تهرانپارس خ استخر,4,3,2,"14,000,000,000 تومان",13,مسکونی,سنگ,شخصي,0,1,0,0,3,148,3,1,MDF,ايراني فرنگي,سراميک,1,1,1,1,شوفاژ_کولر_گاز,شخصي,مسکونی
آپارتمان,1404/01/30,تهرانپارس چهارراه شاهد,4,5,6,"8,200,000,000 تومان",5,مسکونی,سنگ,مسکوني,0,1,0,0,3,86,2,1,MDF,ايراني فرنگي,پارکت,1,1,1,1,شوفاژ_کولر_آسانسور_گاز,مسکوني,مسکونی
آپارتمان,1404/02/09,جشنواره خ زهدی,4,3,1,"3,500,000,000 تومان",25,تخلیه,سنگ,قولنامه اي,1,0,0,0,3,65,2,0,MDF,ايرانی,سراميک,1,0,1,0,کولر_گاز,قولنامه اي,تخلیه
آپارتمان,1404/01/30,سراج خ سروش,4,4,2,"5,500,000,000 تومان",20,تخلیه,سنگ,شخصي,1,0,0,0,1,50,1,1,MDF,ايرانی,سراميک,1,1,1,0,شوفاژ_کولر_گاز,شخصي,تخلیه
آپارتمان,1404/02/07,شمس آباد خ محمدی شمالی,4,4,2,"13,500,000,000 تومان",29,اجاره,سنگ,شخصي,0,1,0,0,2,125,2,1,MDF,ايراني فرنگي,سراميک,1,0,1,0,شوفاژ_کولر_گاز,شخصي,اجاره
آپارتمان,1404/01/30,سراج گلستان,4,4,1,"6,500,000,000 تومان",12,مسکونی,سنگ,شخصي,0,1,0,0,3,84,2,1,MDF,ايرانی,سراميک,1,0,1,1,شوفاژ_کولر_آسانسور_پکیج_گاز,شخصي,مسکونی
آپارتمان,1404/02/06,مجیدیه شمالی خ استاد حسن بنا,4,4,1,"8,000,000,000 تومان",18,تخلیه,سنگ,شخصي,0,1,0,0,3,94,2,1,MDF,ايراني فرنگي,سراميک,1,1,1,1,پکیج,شخصي,تخلیه
آپارتمان,1404/02/09,هنگام شمیران نو,4,5,2,"2,000,000,000 تومان",4,اجاره,سنگ,قولنامه اي,0,1,0,0,زیرهمكف,60,1,1,MDF,ايرانی,سراميک,1,1,1,0,کولر_گاز,قولنامه اي,اجاره
آپارتمان,1404/02/11,جشنواره خ درختی,4,4,2,"4,000,000,000 تومان",21,مسکونی,سنگ,شخصي,0,1,0,0,3,43,1,1,MDF,ايرانی,سراميک,1,0,1,1,کولر_گاز,شخصي,مسکونی
آپارتمان,1404/02/09,شمس آباد خ منصوری,4,5,4,"7,600,000,000 تومان",18,اجاره,سنگ,شخصي,0,1,0,0,5,57,1,1,MDF,ايرانی,سراميک,1,1,1,0,شوفاژ_کولر_آسانسور_گاز,شخصي,اجاره
آپارتمان,1404/02/03,نیروی دریایی بالاتر از ك سهند,4,5,2,"8,500,000,000 تومان",6,مسکونی,سنگ,شخصي,1,0,0,0,5,83,2,1,MDF,ايرانی,سراميک,1,1,1,0,شوفاژ_کولر_آسانسور_گاز,شخصي,مسکونی
آپارتمان,1404/01/30,تهرانپارس خ استخر,4,5,4,"7,300,000,000 تومان",7,اجاره,سنگ,شخصي,0,0,1,1,2,76,2,1,MDF,ايراني فرنگي,سراميک,1,1,1,1,شوفاژ_کولر_آسانسور_پکیج_گاز,شخصي,اجاره
آپارتمان,1404/01/30,خواجه عبدالله نرسیده به خ 16,4,4,2,"12,000,000,000 تومان",30,مسکونی,سنگ,شخصي,1,0,0,0,همكف,97,2,1,MDF,ايراني فرنگي,سراميک,1,0,1,0,شوفاژ_کولر_گاز,شخصي,مسکونی
آپارتمان,1404/02/09,تهرانپارس فلكه دوم,4,5,1,"14,500,000,000 تومان",8,تخلیه,سنگ,شخصي,1,0,0,0,5,114,2,1,MDF,ايراني فرنگي,سنگ,1,1,1,1,شوفاژ_کولر_آسانسور_گاز,شخصي,تخلیه
آپارتمان,1404/02/02,تهران پارس خ بهار خ 126,4,4,2,"7,800,000,000 تومان",16,مسکونی,سنگ,شخصي,0,1,0,0,4,75,2,1,MDF,ايراني فرنگي,سراميک,1,0,1,1,شوفاژ_کولر_گاز,شخصي,مسکونی
آپارتمان,1404/02/01,تهران پارس بلوار پروین بلوار 196 شرقی بین 131و133,4,4,2,"3,800,000,000 تومان",20,مسکونی,سنگ,شخصي,1,0,0,0,4,55,1,1,هایگلاس,ايرانی,سراميک,1,0,1,0,کولر_گاز,شخصي,مسکونی
آپارتمان,1404/02/10,تهرانپارس بلوار پروین خ 188,4,5,2,"9,700,000,000 تومان",1,تخلیه,سنگ,شخصي,0,1,0,0,مختلف,97,2,1,MDF,ايراني فرنگي,سراميک,1,1,0,1,شوفاژ_کولر_آسانسور_گاز,شخصي,تخلیه
آپارتمان,1404/02/02,جشنواره بلوار احسان,4,4,4,"4,300,000,000 تومان",4000,24,مسکونی,سنگ,1,0,0,0,3,80,2,1,MDF,ايراني فرنگي,سراميک,1,0,1,1,شوفاژ_کولر_گاز,شخصي,مسکونی
آپارتمان,1404/02/01,تهرانپارس خ استخر بوستان,4,4,2,"9,000,000,000 تومان",10,مسکونی,سنگ,شخصي,0,1,0,0,2,109,2,1,MDF,ايراني فرنگي,سراميک,1,1,1,0,شوفاژ_کولر_آسانسور_گاز,شخصي,مسکونی
آپارتمان,1404/01/28,تهرانپارس فلكه 4 خ 222 شرقی,4,4,5,"6,500,000,000 تومان",20,مسکونی,سنگ,شخصي,1,0,0,0,2,60,1,1,MDF,ايراني فرنگي,سراميک,1,0,1,0,کولر_آسانسور_پکیج,شخصي,مسکونی
آپارتمان,1404/02/06,حكیمیه شهرك والفجر,4,6,3,"10,000,000,000 تومان",نوساز,تخلیه,سنگ,شخصي,0,1,0,0,3,82,2,1,MDF,ايراني فرنگي,سنگ,1,1,1,1,کولر_آسانسور_پکیج_گاز,شخصي,تخلیه
آپارتمان,1404/02/03,تهران پارس بلوار پروین خ 196 خ 133,4,4,2,"6,000,000,000 تومان",23,مسکونی,سنگ,شخصي,0,1,0,0,همكف,72,2,1,MDF,ايرانی,پارکت,1,1,1,1,کولر_گاز,شخصي,مسکونی
آپارتمان,1404/02/02,لویزان خ مباركی,4,5,2,"10,700,000,000 تومان",8,تخلیه,سنگ,شخصي,0,1,0,0,1,100,2,1,MDF,ايراني فرنگي,سراميک,1,1,0,1,شوفاژ_کولر_آسانسور_پکیج_گاز,شخصي,تخلیه
آپارتمان,1404/02/01,مجیدیه شمالی خ استاد حسن بنا,4,4,2,"9,860,000,000 تومان",21,اجاره,سنگ,شخصي,0,1,0,0,دو واحد,116,2,1,MDF,ايراني فرنگي,پارکت,1,0,1,0,شوفاژ_کولر_گاز,شخصي,اجاره
آپارتمان,1404/01/31,تهرانپارس خ 144,4,6,1,"53,360,000,000 تومان",1,تخلیه,سنگ,شخصي,0,1,0,0,3,232,3,1,MDF,ايراني فرنگي,سنگ,1,1,1,1,شوفاژ_کولر_آسانسور_پکیج_گاز,شخصي,تخلیه
آپارتمان,1404/01/30,حكیمیه 15 متری شیرازی,4,5,4,"4,600,000,000 تومان",22,مسکونی,سنگ,شخصي,0,1,0,0,1,55,1,1,MDF,ايرانی,سراميک,1,1,1,1,آسانسور_گاز,شخصي,مسکونی
آپارتمان,1404/01/28,جشنواره خ امین,4,3,1,"4,300,000,000 تومان",22,مسکونی,سنگ,شخصي,0,1,0,0,2,50,1,1,MDF,ايرانی,سراميک,1,0,1,0,کولر_گاز,شخصي,مسکونی
آپارتمان,1404/02/10,هنگام شمیران نو خ یكم,4,3,1,"1,950,000,000 تومان",30,تخلیه,سنگ,قولنامه اي,1,0,0,0,همكف,70,1,1,MDF,ايرانی,سراميک,1,0,1,1,کولر_گاز,قولنامه اي,تخلیه
آپارتمان,1404/02/08,تهرانپارس توحید,4,4,2,"6,500,000,000 تومان",24,مسکونی,گرانيت,شخصي,0,1,0,0,2,70,2,1,MDF,ايرانی,سراميک,1,1,1,0,کولر_گاز,شخصي,مسکونی
آپارتمان,1404/01/31,قنات كوثر خ مطهری,4,4,1,"13,000,000,000 تومان",3,تخلیه,سنگ,شخصي,1,0,0,0,4,85,2,1,MDF,ايراني فرنگي,سراميک,1,1,1,0,شوفاژ_کولر_آسانسور_گاز,شخصي,تخلیه
آپارتمان,1404/02/02,شهید عراقی نبش گیلان شرقی,4,5,3,"25,000,000,000 تومان",8,تخلیه,سنگ,شخصي,1,1,0,0,2,140,3,1,MDF,ايرانی,سراميک,1,1,0,0,کولر_آسانسور_گاز,شخصي,تخلیه
آپارتمان,1404/02/01,هنگام شمیران نو میدان پاكدامن,4,6,2,"5,900,000,000 تومان",5,اجاره,سنگ,قولنامه اي,1,1,0,0,همكف,150,3,1,MDF,ايراني فرنگي,سراميک,1,0,1,0,شوفاژ_کولر_پکیج_گاز,قولنامه اي,اجاره
آپارتمان,1404/02/06,شمس آباد بلوار بیژن,4,5,2,"15,000,000,000 تومان",12,مسکونی,سنگ,شخصي,1,0,0,0,5,114,2,1,MDF,ايراني فرنگي,لامنيت,1,1,1,1,شوفاژ_کولر_آسانسور_گاز,شخصي,مسکونی
آپارتمان,1404/02/03,تهرانپارس خ استخر,4,4,2,"5,700,000,000 تومان",18,تخلیه,سنگ,شخصي,1,0,0,0,1,60,1,1,MDF,ايرانی,سراميک,1,1,1,0,کولر_گاز,شخصي,تخلیه
آپارتمان,1404/02/03,جشنواره خ زهدی,4,4,3,"4,300,000,000 تومان",16,اجاره,گرانيت,شخصي,1,0,0,0,3,55,1,1,MDF,ايراني فرنگي,لامنيت,1,1,1,1,شوفاژ_کولر_پکیج_گاز,شخصي,اجاره
آپارتمان,1404/02/03,فرجام خ احد زاده,4,4,1,"5,200,000,000 تومان",17,تخلیه,آجر,شخصي,0,1,0,0,2,62,2,1,MDF,ايرانی,سراميک,1,0,1,1,کولر_گاز,شخصي,تخلیه
آپارتمان,1404/02/02,جشنواره خ احسان,4,5,2,"8,000,000,000 تومان",3,تخلیه,سنگ,شخصي,0,1,0,0,4,100,2,0,MDF,ايراني فرنگي,سراميک,0,1,1,1,کولر_آسانسور_پکیج,شخصي,تخلیه
آپارتمان,1404/02/09,جشنواره خ زهدی,4,4,2,"5,100,000,000 تومان",19,مسکونی,سنگ,شخصي,1,0,0,0,1,68,2,1,MDF,ايراني فرنگي,پارکت,1,0,1,0,کولر_آسانسور_پکیج,شخصي,مسکونی
آپارتمان,1404/02/07,تهرانپارس خ استخر,4,6,3,"5,900,000,000 تومان",9,تخلیه,تراورتن,شخصي,1,0,0,0,2,71,1,1,MDF,ايراني فرنگي,سنگ,1,1,1,1,کولر_آسانسور_پکیج,شخصي,تخلیه
آپارتمان,1404/01/28,تهرانپارس فلكه 2 خ 188,4,5,2,"11,250,000,000 تومان",11,تخلیه,تراورتن,شخصي,1,0,0,0,2,91,2,1,هایگلاس,ايراني فرنگي,سنگ,0,1,1,1,کولر_آسانسور_پکیج,شخصي,تخلیه
آپارتمان,1404/02/01,تهران پارس شهرك گلستان,4,2,1,"38,000,000,000 تومان",23,مسکونی,آجر,شخصي,1,0,0,0,1,147,3,1,نا مشخص,ايراني فرنگي,پارکت,1,1,1,1,شوفاژ_کولر_گاز,شخصي,مسکونی
آپارتمان,1404/02/08,جشنواره میدان رهبر,4,3,2,"2,600,000,000 تومان",10,اجاره,سنگ,قولنامه اي,1,1,0,0,2,60,1,1,MDF,ايرانی,سراميک,1,0,0,0,کولر_گاز,قولنامه اي,اجاره
آپارتمان,1404/02/01,لویزان خ فرشادی,4,5,4,"11,000,000,000 تومان",7,تخلیه,سنگ,شخصي,0,1,0,0,3,85,2,1,MDF,ايراني فرنگي,سراميک,1,1,0,0,کولر_آسانسور_گاز,شخصي,تخلیه
آپارتمان,1404/02/09,بزرگراه بابایی شهرك شهید بهشتی,4,9,6,"9,500,000,000 تومان",15,تخلیه,سيمان,تعاوني,0,1,0,0,6,110,2,1,MDF,ايراني فرنگي,سراميک,1,1,1,1,آسانسور_پکیج,تعاوني,تخلیه
آپارتمان,1404/02/09,تهران پارس خ استخر,4,4,4,"5,000,000,000 تومان",21,اجاره,سنگ,شخصي,1,0,0,0,4,45,1,1,MDF,ايرانی,سراميک,1,1,1,0,شوفاژ_کولر_آسانسور_گاز,شخصي,اجاره
آپارتمان,1404/01/30,خواجه عبدالله ك هشتم,4,5,2,"17,000,000,000 تومان",16,مسکونی,سنگ,شخصي,1,0,0,0,1,118,3,1,MDF,ايراني فرنگي,سنگ,1,1,1,1,شوفاژ_کولر_آسانسور_گاز,شخصي,مسکونی
آپارتمان,1404/02/07,جشنواره خ اشرفی گودرزی,4,6,2,"13,125,000,000 تومان",نوساز,تخلیه,سنگ,شخصي,1,0,0,0,6,105,2,1,چوبي,ايراني فرنگي,پارکت,1,1,1,1,شوفاژ_کولر_آسانسور_پکیج_گاز,شخصي,تخلیه
آپارتمان,1404/02/08,جشنواره خ احسان خ گرمابدری,4,5,4,"7,500,000,000 تومان",7,اجاره,سنگ,شخصي,0,1,0,0,2,95,2,1,MDF,ايرانی,سراميک,1,1,0,0,شوفاژ_کولر_آسانسور_گاز,شخصي,اجاره
آپارتمان,1404/02/06,تهران پارس بلوار پروین خ شفیعی مكرم,4,4,2,"2,750,000,000 تومان",9,مسکونی,سنگ,قولنامه اي,0,1,0,0,1,60,1,1,MDF,ايرانی,سراميک,1,0,1,0,شوفاژ_کولر_پکیج_گاز,قولنامه اي,مسکونی
آپارتمان,1404/02/03,هروی خ ساقدوش خ شقاقی,4,9,5,"28,500,000,000 تومان",نوساز,تخلیه,سنگ,شخصي,1,0,0,0,3,150,3,1,هایگلاس,ايراني فرنگي,سراميک,1,1,1,0,کولر_آسانسور_پکیج,شخصي,تخلیه
آپارتمان,1404/02/06,بنی هاشم خ خسرو ابادی,4,4,1,"6,450,000,000 تومان",15,مسکونی,سنگ,شخصي,1,0,0,0,2,55,1,1,MDF,ايراني فرنگي,سراميک,1,0,1,0,شوفاژ_کولر_آسانسور_پکیج_گاز,شخصي,مسکونی
آپارتمان,1404/01/31,شمس اباد میدان شریفی,4,5,1,"26,400,000,000 تومان",4,مسکونی,سنگ,شخصي,1,0,0,0,3,165,3,1,MDF,ايراني فرنگي,سنگ,1,1,1,1,شوفاژ_کولر_آسانسور,شخصي,مسکونی
آپارتمان,1404/01/30,تهرانپارس فلكه 1,4,5,2,"15,180,000,000 تومان",17,مسکونی,سنگ,شخصي,0,1,0,0,2,138,3,1,MDF,ايراني فرنگي,پارکت,1,1,1,1,کولر_آسانسور_پکیج,شخصي,مسکونی
آپارتمان,1404/02/10,شریعتی بالاتر از خ خواجه عبدالله,4,5,2,"20,925,000,000 تومان",11,مسکونی,سنگ,شخصي,1,0,0,0,1,155,3,1,MDF,ايراني فرنگي,سراميک,1,1,1,1,کولر_آسانسور_پکیج_گاز,شخصي,مسکونی
آپارتمان,1404/02/02,فرجام خ 48,4,3,1,"12,500,000,000 تومان",191,30,مسکونی,سيمان,1,1,0,0,2,136,2,1,فلزي,ايرانی,موکت,0,1,0,1,شوفاژ_کولر_گاز,شخصي,مسکونی
آپارتمان,1404/02/07,شمس اباد خ منصوری,4,5,1,"25,380,000,000 تومان",نوساز,تخلیه,سنگ,شخصي,0,1,0,0,2,188,3,1,MDF,ايراني فرنگي,سراميک,1,1,1,1,شوفاژ_کولر_آسانسور_پکیج_گاز,شخصي,تخلیه
آپارتمان,1404/01/31,تهرانپارس فلكه چهارم,4,4,1,"11,500,000,000 تومان",20,اجاره,سنگ,شخصي,1,0,0,0,1,115,3,1,MDF,ايراني فرنگي,سراميک,1,1,1,1,کولر_پکیج_گاز,شخصي,اجاره
آپارتمان,1404/02/08,تهرانپارس خ متولی كسمائی,4,4,2,"7,300,000,000 تومان",11,مسکونی,سنگ,شخصي,1,0,0,0,1,84,2,1,MDF,ايراني فرنگي,سراميک,1,0,1,1,شوفاژ_کولر_آسانسور_گاز,شخصي,مسکونی
آپارتمان,1404/02/06,بنی هاشم نرسیده به  خ پرتوی,4,4,4,"14,000,000,000 تومان",11,مسکونی,سنگ,شخصي,1,0,0,0,2,100,2,1,MDF,ايراني فرنگي,سراميک,1,1,1,0,شوفاژ_کولر_آسانسور_گاز,شخصي,مسکونی
آپارتمان,1404/02/11,شهید عراقی خ ملكی نسب,4,5,2,"12,500,000,000 تومان",16,تخلیه,سنگ,شخصي,1,1,0,0,3,103,2,1,MDF,ايراني فرنگي,سنگ,1,0,1,0,کولر_آسانسور_گاز,شخصي,تخلیه
آپارتمان,1404/02/02,سراج خ والائیان,4,4,1,"6,050,000,000 تومان",17,مسکونی,سنگ,شخصي,0,1,0,0,1,75,2,1,MDF,ايراني فرنگي,سراميک,1,1,1,1,شوفاژ_کولر_گاز,شخصي,مسکونی
آپارتمان,1404/02/09,اتوبان بابایی شهرك بهشتی,4,8,5,"8,000,000,000 تومان",10,مسکونی,سيمان,تعاوني,0,1,0,0,8,93,2,1,MDF,ايرانی,سراميک,1,1,1,1,شوفاژ_کولر_آسانسور_گاز,تعاوني,مسکونی
آپارتمان,1404/02/07,لویزان شیان,4,5,4,"24,750,000,000 تومان",18,مسکونی,سنگ,شخصي,1,0,0,0,2,150,2,1,MDF,ايراني فرنگي,سراميک,1,1,1,1,شوفاژ_کولر_آسانسور_گاز,شخصي,مسکونی
آپارتمان,1404/01/30,جشنواره خ احسان,4,4,1,"6,000,000,000 تومان",23,مسکونی,سنگ,شخصي,0,1,0,0,3,92,2,1,MDF,ايراني فرنگي,سراميک,1,0,1,0,شوفاژ_کولر_پکیج_گاز,شخصي,مسکونی
آپارتمان,1404/01/31,تهرانپارس خ رشید شمالی,4,4,2,"7,000,000,000 تومان",25,مسکونی,سنگ,مسکوني,0,1,0,0,3,70,1,1,MDF,ايراني فرنگي,سراميک,1,1,1,1,شوفاژ_کولر_گاز,مسکوني,مسکونی
آپارتمان,1404/02/08,فرجام غربی خ حیدرخانی,4,4,1,"5,000,000,000 تومان",30,مسکونی,سنگ,شخصي,1,0,0,0,4,68,2,1,MDF,ايرانی,سراميک,1,0,1,0,شوفاژ_کولر_گاز,شخصي,مسکونی
آپارتمان,1404/02/01,شمس اباد خ ریحانی,4,4,2,"14,000,000,000 تومان",24,مسکونی,سنگ,شخصي,1,0,0,0,3,125,2,1,MDF,ايراني فرنگي,سراميک,1,0,1,0,شوفاژ_کولر_گاز,شخصي,مسکونی
آپارتمان,1404/02/10,اتوبان بابایی شهرك شهید بهشتی,4,18,10,"11,220,000,000 تومان",3,مسکونی,ترکیبی,تعاوني,0,1,0,0,2,102,2,,هایگلاس,ايراني فرنگي,سراميک,0,1,1,1,آسانسور_چیلر,تعاوني,مسکونی
آپارتمان,1404/02/10,جشنواره خ زهدی,4,5,4,"5,700,000,000 تومان",14,اجاره,سنگ,شخصي,0,1,0,0,5,70,2,1,MDF,ايرانی,سراميک,1,1,1,0,شوفاژ_کولر_آسانسور_پکیج_گاز,شخصي,اجاره
آپارتمان,1404/02/10,تهرانپارس بلوار پروین خ 198,4,4,2,"4,100,000,000 تومان",26,مسکونی,سنگ,شخصي,1,0,0,0,4,73,1,,هایگلاس,ايراني فرنگي,پارکت سراميک,0,0,1,0,کولر_گاز,شخصي,مسکونی
آپارتمان,1404/01/30,تهرانپارس بلوار پروین ك 210,4,4,1,"10,000,000,000 تومان",2,مسکونی,سنگ,شخصي,1,0,0,0,4,100,2,0,MDF,ايراني فرنگي,سنگ,1,1,1,1,کولر_آسانسور_پکیج,شخصي,مسکونی
آپارتمان,1404/02/03,شمس آباد خ منصوری,4,5,2,"24,000,000,000 تومان",2,تخلیه,سنگ,شخصي,1,0,0,0,4,240,4,1,MDF,ايراني فرنگي,سراميک,1,1,1,1,شوفاژ_کولر_آسانسور_پکیج_گاز,شخصي,تخلیه
آپارتمان,1404/02/09,تهرانپارس بلوار پروین خ 212,4,5,4,"6,400,000,000 تومان",7,مسکونی,سنگ,شخصي,1,0,0,0,3,61,1,1,MDF,ايرانی,پارکت,1,1,1,1,شوفاژ_کولر_آسانسور_پکیج_گاز,شخصي,مسکونی
آپارتمان,1404/01/30,تهرانپارس خ توحید,4,4,1,"11,000,000,000 تومان",14,مسکونی,سنگ,شخصي,1,0,0,0,3,114,2,1,MDF,ايراني فرنگي,سراميک,1,1,1,0,کولر_آسانسور_پکیج_گاز,شخصي,مسکونی
آپارتمان,1404/02/09,هنگام شمیران نو,4,3,1,"2,400,000,000 تومان",23,تخلیه,سنگ,قولنامه اي,1,0,0,0,همكف,55,1,1,MDF,ايرانی,سراميک,1,0,1,0,کولر_گاز,قولنامه اي,تخلیه
آپارتمان,1404/01/31,جشنواره خ اسفندانی,4,7,5,"11,910,000,000 تومان",5,مسکونی,سنگ,شخصي,0,0,0,1,7,111,3,1,MDF,ايراني فرنگي,سنگ,1,1,1,1,کولر_پکیج_گاز,شخصي,مسکونی
آپارتمان,1404/02/01,فرجام خ عبادی,4,5,4,"9,500,000,000 تومان",9,اجاره,سنگ,شخصي,1,0,0,0,5,90,2,1,MDF,ايراني فرنگي,سنگ,1,1,1,1,شوفاژ_کولر_آسانسور_گاز,شخصي,اجاره
آپارتمان,1404/02/08,تهران پارس خ استخر,4,5,1,"9,024,000,000 تومان",9,مسکونی,سنگ,شخصي,0,1,0,0,4,94,2,1,MDF,ايراني فرنگي,سراميک,1,1,0,0,کولر_آسانسور_پکیج_گاز,شخصي,مسکونی
آپارتمان,1404/02/06,تهرانپارس خ 218 غربی,4,5,2,"8,600,000,000 تومان",8,مسکونی,سنگ,شخصي,1,0,0,0,4,86,2,1,MDF,ايراني فرنگي,سنگ,1,1,1,1,کولر_آسانسور_پکیج_گاز,شخصي,مسکونی
آپارتمان,1404/02/03,تهرانپارس بین باقری و اردیبهشت,4,5,2,"12,500,000,000 تومان",نوساز,تخلیه,سنگ,شخصي,1,0,0,0,4,100,2,1,MDF,ايراني فرنگي,سراميک,1,1,1,1,کولر_آسانسور_پکیج_گاز,شخصي,تخلیه
آپارتمان,1404/02/06,جشنواره خ سیری ك نباتی,4,6,3,"7,500,000,000 تومان",نوساز,تخلیه,سنگ,دردست اقدام,1,0,0,0,4,88,2,0,ندارد,ايراني فرنگي,سراميک,1,1,1,1,شوفاژ_کولر_آسانسور_پکیج_گاز,دردست اقدام,تخلیه
آپارتمان,1404/02/09,جشنواره میدان رهبر,4,4,1,"3,300,000,000 تومان",نوساز,تخلیه,ندارد,قولنامه اي,1,0,0,0,3,70,2,0,MDF,ايرانی,سراميک,1,0,0,1,کولر_آسانسور_پکیج,قولنامه اي,تخلیه
آپارتمان,1404/01/30,تهرانپارس بلوار پروین خ سلطانی,4,2,1,"3,200,000,000 تومان",21,تخلیه,سنگ,شخصي,0,1,0,0,1,65,1,1,MDF,ايراني فرنگي,سراميک,1,0,1,0,کولر_گاز,شخصي,تخلیه
آپارتمان,1404/02/03,جشنواره خ زهدی,4,5,3,"3,100,000,000 تومان",6,اجاره,سنگ,شخصي,0,1,0,0,2,50,1,1,MDF,ايرانی,سراميک,1,0,1,1,شوفاژ_کولر_آسانسور_گاز,شخصي,اجاره
آپارتمان,1404/01/30,شمس آباد نرسیده به خ لاهیجانی شرقی,4,3,2,"7,150,000,000 تومان",27,مسکونی,سنگ,شخصي,0,1,0,0,1,76,2,1,MDF,ايراني فرنگي,سنگ,1,1,1,1,شوفاژ_کولر_گاز,شخصي,مسکونی
آپارتمان,1404/02/06,تهران پارس خ استخر,4,2,1,"3,690,000,000 تومان",23,مسکونی,سنگ,قولنامه اي,1,0,0,0,1,80,1,1,چوبي,ايرانی,سراميک,1,0,1,1,کولر_گاز,قولنامه اي,مسکونی
آپارتمان,1404/02/01,بنی هاشم ك تنگستانی,4,4,1,"10,800,000,000 تومان",1,تخلیه,سنگ,شخصي,1,1,0,0,1,83,2,1,MDF,ايراني فرنگي,سراميک,1,1,1,1,شوفاژ_کولر_آسانسور_پکیج_گاز,شخصي,تخلیه
آپارتمان,1404/02/01,هروی حسین آباد خ وفامنش,4,11,2,"48,600,000,000 تومان",نوساز,تخلیه,سنگ,شخصي,1,1,0,0,10,243,3,1,MDF,ايراني فرنگي,سنگ,1,1,1,1,کولر_آسانسور_پکیج,شخصي,تخلیه
آپارتمان,1404/02/02,تهرانپارس بلوار پروین خ 137,4,4,2,"3,100,000,000 تومان",24,مسکونی,سنگ,منگوله دار,0,1,0,0,3,47,1,1,MDF,ايرانی,سراميک,1,0,1,0,کولر_گاز,منگوله دار,مسکونی
آپارتمان,1404/01/30,تهرانپارس بلوار پروین خ 196,4,5,2,"3,400,000,000 تومان",20,اجاره,آجر سه سانت,شخصي,0,1,0,0,1,41,1,,MDF,ايرانی,سراميک,0,1,1,0,کولر_گاز,شخصي,اجاره
آپارتمان,1404/02/10,تهرانپارس بلوار پروین خ 210/1,4,4,2,"6,000,000,000 تومان",25,مسکونی,سنگ,شخصي,0,1,0,0,3,66,2,1,MDF,ايرانی,سراميک,1,0,1,0,شوفاژ_کولر_آسانسور_گاز,شخصي,مسکونی
آپارتمان,1404/01/30,تهرانپارس خ فرجام,4,3,2,"12,600,000,000 تومان",30,تخلیه,سنگ,شخصي,1,0,0,0,1,105,2,1,MDF,ايرانی,سراميک,1,1,0,0,شوفاژ_کولر_گاز,شخصي,تخلیه
آپارتمان,1404/01/28,تهرانپارس بلوار پروین خ 214شرقی,4,4,2,"7,900,000,000 تومان",11,مسکونی,سنگ,شخصي,0,1,0,0,2,78,2,2,MDF,ايراني فرنگي,سنگ,1,1,1,1,شوفاژ_کولر_آسانسور_گاز,شخصي,مسکونی
آپارتمان,1404/02/08,تهرانپارس ابتدای خ وفادار,4,5,3,"6,300,000,000 تومان",2,اجاره,ترکیبی,شخصي,1,0,0,0,5,71,2,0,MDF,ايرانی,سراميک,1,1,1,1,کولر_آسانسور_پکیج,شخصي,اجاره
آپارتمان,1404/02/09,سراج والاییان شمالی,4,4,3,"3,700,000,000 تومان",30,اجاره,سنگ,شخصي,0,1,0,0,4,50,1,,MDF,ايرانی,سراميک,1,1,0,0,شوفاژ_کولر,شخصي,اجاره
آپارتمان,1404/02/02,تهرانپارس بلوار پروین خ 198,4,4,1,"3,800,000,000 تومان",14,تخلیه,تراورتن,شخصي,0,1,0,0,4,48,1,1,MDF,ايرانی,سراميک,1,0,1,0,کولر_گاز,شخصي,تخلیه
آپارتمان,1404/02/01,تهرانپارس بلوار پروین خ 212,4,4,2,"4,500,000,000 تومان",22,مسکونی,آجر سه سانت,شخصي,0,1,0,0,4,72,2,1,فلزي,ايرانی,سراميک,1,0,1,0,شوفاژ_کولر_گاز,شخصي,مسکونی
آپارتمان,1404/02/02,شمس اباد خ شهید كرد,4,4,1,"6,600,000,000 تومان",17,مسکونی,سنگ,شخصي,0,1,0,0,3,88,2,1,MDF,ايرانی,سراميک,1,0,1,0,شوفاژ_کولر_پکیج_گاز,شخصي,مسکونی
آپارتمان,1404/02/03,جشنواره میدان بهزیستی,4,2,1,"3,250,000,000 تومان",12,تخلیه,سنگ,منگوله دار,1,0,0,0,2,50,1,1,MDF,ايرانی,سراميک,1,0,1,0,کولر_گاز,منگوله دار,تخلیه
آپارتمان,1404/02/06,لویزان شیان,4,5,3,"19,110,000,000 تومان",6,مسکونی,سنگ,شخصي,1,0,0,0,3,147,3,1,MDF,ايراني فرنگي,سنگ,1,1,1,1,شوفاژ_کولر_آسانسور_پکیج_گاز,شخصي,مسکونی
آپارتمان,1404/02/07,هروی خ وفامنش,4,11,3,"47,000,000,000 تومان",1,تخلیه,سنگ,شخصي,1,0,0,0,4,190,3,1,MDF,ايراني فرنگي,سراميک,1,1,1,1,شوفاژ_کولر_آسانسور_گاز,شخصي,تخلیه
آپارتمان,1404/02/03,تهرانپارس بلوار پروین خ شفیعی مكرم,4,4,2,"3,800,000,000 تومان",18,تخلیه,سنگ,شخصي,1,0,0,0,4,70,2,1,MDF,ايراني فرنگي,سراميک,1,0,1,0,شوفاژ_کولر_گاز,شخصي,تخلیه
آپارتمان,1404/01/31,نیروی دریائی خ الزهرا,4,4,2,"6,200,000,000 تومان",20,مسکونی,سيمان,شخصي,0,1,0,0,4,76,2,1,چوبي,ايراني فرنگي,لامنيت,1,1,1,1,شوفاژ_کولر_گاز,شخصي,مسکونی
آپارتمان,1404/01/30,تهرانپارس خ 184غربی,4,5,4,"14,625,000,000 تومان",نوساز,مسکونی,سنگ,شخصي,0,1,0,0,5,117,2,1,هایگلاس,ايراني فرنگي,سراميک,1,1,1,0,شوفاژ_کولر_آسانسور_گاز,شخصي,مسکونی
آپارتمان,1404/02/06,بزرگراه رسالت بعداز مترو باقری,4,4,1,"5,500,000,000 تومان",19,مسکونی,سنگ,شخصي,1,0,0,0,4,80,2,1,چوبي,ايرانی,پارکت,1,0,1,0,کولر_گاز,شخصي,مسکونی
آپارتمان,1404/02/07,هروی نرسیده به خ موسوی,4,4,1,"20,000,000,000 تومان",20,مسکونی,سنگ,شخصي,1,0,0,0,3,110,2,1,MDF,ايراني فرنگي,پارکت,1,1,1,1,شوفاژ_کولر_گاز,شخصي,مسکونی
آپارتمان,1404/02/01,فرجام نرسیده به خ احدزاده,4,5,2,"10,200,000,000 تومان",3,تخلیه,سنگ,شخصي,1,1,0,0,2,90,2,1,هایگلاس,ايراني فرنگي,سنگ,1,1,0,1,کولر_آسانسور_پکیج,شخصي,تخلیه
آپارتمان,1404/02/07,فرجام خ عبادی,4,4,2,"5,600,000,000 تومان",20,مسکونی,سنگ,شخصي,1,0,0,0,4,80,2,1,MDF,ايراني فرنگي,سنگ,1,0,1,1,کولر_گاز,شخصي,مسکونی
آپارتمان,1404/02/07,تهرانپارس بلوار پروین خ خدابنده,4,5,3,"4,750,000,000 تومان",12,اجاره,سنگ,شخصي,0,1,0,0,2,55,1,1,MDF,ايراني فرنگي,سراميک,1,0,1,1,شوفاژ_کولر_آسانسور_گاز,شخصي,اجاره
آپارتمان,1404/02/08,تهرانپارس خ استخر بالاتر از باشگاه دارائی,4,5,4,"5,500,000,000 تومان",16,تخلیه,سنگ,شخصي,1,0,0,0,1,60,1,1,MDF,ايراني فرنگي,سراميک,1,1,1,1,شوفاژ_کولر_آسانسور_گاز,شخصي,تخلیه
آپارتمان,1404/02/11,لویزان نرسیده به خ فرشادی,4,6,4,"11,000,000,000 تومان",6,اجاره,سنگ,شخصي,0,1,0,0,1,90,2,1,MDF,ايراني فرنگي,سراميک,1,1,1,1,شوفاژ_کولر_آسانسور_پکیج_گاز,شخصي,اجاره
آپارتمان,1404/02/07,هروی حسین آباد,4,5,4,"26,500,000,000 تومان",7,مسکونی,سنگ,شخصي,1,0,0,0,3,151,3,1,MDF,ايراني فرنگي,سراميک,1,1,1,1,کولر_آسانسور_گاز,شخصي,مسکونی
آپارتمان,1404/02/10,سراج خ والائیان شمالی,4,5,4,"4,800,000,000 تومان",18,مسکونی,سنگ,شخصي,1,0,0,0,2,63,1,1,MDF,ايرانی,سراميک,1,1,0,0,کولر_آسانسور_پکیج_گاز,شخصي,مسکونی
آپارتمان,1404/02/07,تهران پارس خ 220,4,4,3,"6,000,000,000 تومان",20,مسکونی,سنگ,شخصي,0,1,0,0,4,55,1,1,MDF,ايراني فرنگي,سراميک,1,1,1,0,کولر_گاز,شخصي,مسکونی
آپارتمان,1404/02/01,هروی حسین آباد,4,12,9,"17,700,000,000 تومان",نوساز,اجاره,سنگ,شخصي,0,0,1,0,2,118,2,1,MDF,ايراني فرنگي,سراميک,1,1,1,1,کولر_آسانسور_پکیج,شخصي,اجاره
آپارتمان,1404/01/28,مجیدیه شمالی خ مهابادی پور,4,5,2,"10,320,000,000 تومان",10,تخلیه,سنگ,شخصي,0,1,0,0,1,87,2,1,MDF,ايراني فرنگي,سنگ,1,1,1,0,شوفاژ_کولر_آسانسور_پکیج_گاز,شخصي,تخلیه
آپارتمان,1404/02/03,جشنواره خ زهدی,4,5,4,"7,000,000,000 تومان",12,مسکونی,سنگ,شخصي,1,0,0,0,4,98,2,2,MDF,ايراني فرنگي,سراميک,1,1,1,0,شوفاژ_کولر_آسانسور_گاز,شخصي,مسکونی
آپارتمان,1404/02/02,تهرانپارس بلوار پروین,4,4,1,"7,200,000,000 تومان",10,مسکونی,سنگ,شخصي,0,1,0,0,2,87,2,1,MDF,ايراني فرنگي,سراميک,1,0,1,1,شوفاژ_کولر_آسانسور_گاز,شخصي,مسکونی
آپارتمان,1404/02/02,هروی ساقدوش,4,5,3,"14,000,000,000 تومان",6,مسکونی,سنگ,شخصي,0,1,0,0,1,106,2,1,هایگلاس,ايراني فرنگي,سنگ,1,1,1,0,کولر_آسانسور_پکیج,شخصي,مسکونی
آپارتمان,1404/02/03,خواجه عبدالله خ انصاری,4,5,2,"15,840,000,000 تومان",نوساز,تخلیه,سنگ,شخصي,0,1,0,0,3,88,2,0,MDF,فرنگی,سنگ,1,1,0,0,آسانسور_پکیج,شخصي,تخلیه
آپارتمان,1404/02/01,تهران پارس خ استخر,4,9,4,"6,000,000,000 تومان",21,مسکونی,سنگ,تعاوني,0,1,0,0,4,82,2,1,MDF,ايراني فرنگي,سراميک,1,1,1,1,شوفاژ_کولر_آسانسور_گاز,تعاوني,مسکونی
آپارتمان,1404/01/31,تهران پارس فلكه 1 خ كیخسروی,4,4,2,"12,000,000,000 تومان",20,مسکونی,سنگ,شخصي,0,1,0,0,3,100,2,1,MDF,ايرانی,سراميک,1,1,1,0,شوفاژ_کولر_گاز,شخصي,مسکونی
آپارتمان,1404/02/02,مجیدیه شمالی خ 16 متری اول شمالی,4,3,1,"13,000,000,000 تومان",16,تخلیه,سنگ,شخصي,0,1,0,0,2,141,3,1,MDF,ايراني فرنگي,سنگ,1,1,1,1,شوفاژ_کولر_گاز,شخصي,تخلیه
آپارتمان,1404/01/31,حكیمیه بلوار فجر,4,4,2,"7,000,000,000 تومان",29,مسکونی,آجر,شخصي,1,0,0,0,4,110,2,1,MDF,ايراني فرنگي,سراميک,1,0,1,0,شوفاژ_کولر_گاز,شخصي,مسکونی
آپارتمان,1404/01/31,شمس آباد میدان ملت,4,5,3,"8,000,000,000 تومان",20,مسکونی,سنگ,شخصي,0,1,0,0,3,79,2,1,MDF,ايراني فرنگي,سنگ,1,0,1,1,شوفاژ_کولر_آسانسور_پکیج_گاز,شخصي,مسکونی
آپارتمان,1404/02/03,سراج نرسیده به ك 116,4,3,1,"5,500,000,000 تومان",19,مسکونی,سنگ,شخصي,0,1,0,0,2,74,2,1,MDF,ايراني فرنگي,سراميک,1,0,0,0,شوفاژ_کولر_پکیج_گاز,شخصي,مسکونی
آپارتمان,1404/02/03,تهرانپارس بلوار پروین خ 137,4,5,2,"4,450,000,000 تومان",19,اجاره,سنگ,شخصي,0,1,0,0,2,62,1,1,MDF,ايرانی,سراميک,1,1,1,1,کولر_آسانسور_پکیج_گاز,شخصي,اجاره
آپارتمان,1404/02/01,بنی هاشم خ خسروآبادی,4,4,1,"4,850,000,000 تومان",17,مسکونی,سنگ,شخصي,1,0,0,0,4,44,1,1,MDF,ايرانی,سراميک,1,1,1,0,کولر_گاز,شخصي,مسکونی
آپارتمان,1404/02/03,هنگام شمیران نو,4,3,1,"1,950,000,000 تومان",30,اجاره,آجر,قولنامه اي,1,0,0,0,همكف,70,1,0,فلزي,ايرانی,سراميک,1,0,1,0,کولر_گاز,قولنامه اي,اجاره
آپارتمان,1404/01/30,تهرانپارس خ 204,4,4,2,"6,800,000,000 تومان",20,اجاره,سنگ,شخصي,0,1,0,0,3,85,2,1,MDF,ايراني فرنگي,سراميک,1,1,1,1,کولر_پکیج,شخصي,اجاره
آپارتمان,1404/01/31,تهرانپارس چهارراه شاهد خ شیرود,4,7,10,"6,600,000,000 تومان",1,اجاره,ترکیبی,دردست اقدام,1,0,0,0,5,61,1,,MDF,ايراني فرنگي,سراميک,1,1,1,1,کولر_آسانسور_پکیج,دردست اقدام,اجاره
آپارتمان,1404/01/30,هروی خ حسین آباد,4,11,3,"28,130,000,000 تومان",نوساز,تخلیه,سنگ,شخصي,1,1,0,0,11,194,3,1,MDF,ايراني فرنگي,سراميک,1,1,1,1,کولر_آسانسور_پکیج_گاز,شخصي,تخلیه
آپارتمان,1404/02/11,هروی حسین آباد خ مفتوحی,4,5,4,"19,000,000,000 تومان",9,تخلیه,سنگ,شخصي,1,1,0,0,1,102,2,1,MDF,ايراني فرنگي,سنگ,1,1,1,0,شوفاژ_کولر_آسانسور_حیاط خلوت,شخصي,تخلیه
آپارتمان,1404/01/28,شهیدعراقی خ فروردین غربی,4,5,1,"9,200,000,000 تومان",12,مسکونی,سنگ,شخصي,0,1,0,0,زیرهمكف,80,2,1,MDF,ايراني فرنگي,سراميک,1,0,0,0,شوفاژ_کولر_آسانسور_گاز,شخصي,مسکونی
آپارتمان,1404/01/30,سراج خ والائیان,4,4,1,"9,000,000,000 تومان",21,مسکونی,سنگ,شخصي,0,1,0,0,همكف,92,2,1,MDF,ايرانی,سراميک,1,1,1,1,کولر_گاز,شخصي,مسکونی
آپارتمان,1404/02/01,شمس اباد خ منصوری,4,5,2,"6,000,000,000 تومان",16,تخلیه,سنگ,شخصي,1,0,0,0,2,75,1,1,MDF,ايراني فرنگي,سنگ,1,0,1,0,شوفاژ_کولر_آسانسور_گاز,شخصي,تخلیه
آپارتمان,1404/02/03,تهرانپارس نرسیده به پل خاقانی خ 103(نگهبان),4,3,3,"5,100,000,000 تومان",20,تخلیه,سنگ,شخصي,1,0,0,0,4,64,2,1,MDF,ايراني فرنگي,لامنيت,1,0,1,0,کولر_گاز,شخصي,تخلیه
آپارتمان,1404/02/02,هنگام شمیران نو,4,5,1,"2,800,000,000 تومان",13,تخلیه,سنگ,قولنامه اي,0,1,0,0,زیرهمكف,65,1,1,MDF,ايرانی,سراميک,1,0,1,0,کولر_گاز,قولنامه اي,تخلیه
آپارتمان,1404/01/31,تهرانپارس خ اردیبهشت شمالی,4,5,2,"10,700,000,000 تومان",نوساز,تخلیه,سنگ,شخصي,0,1,0,0,2,89,2,1,چوبي,ايراني فرنگي,سنگ,1,1,1,1,شوفاژ_کولر_آسانسور_پکیج_گاز,شخصي,تخلیه
آپارتمان,1404/02/03,جشنواره خ زهدی,4,4,2,"4,100,000,000 تومان",5,مسکونی,سنگ,قولنامه اي,1,0,0,0,1,80,1,1,MDF,ايراني فرنگي,سراميک,0,0,0,0,شوفاژ_کولر_آسانسور_گاز,قولنامه اي,مسکونی
آپارتمان,1404/01/30,سراج ك كریمی,4,5,2,"11,760,000,000 تومان",1,مسکونی,سنگ,شخصي,0,1,0,0,1,120,2,1,MDF,ايراني فرنگي,سراميک,1,1,1,1,کولر_آسانسور_پکیج,شخصي,مسکونی
آپارتمان,1404/01/30,تهرانپارس شرقی بلوار پروین بین 139 و 137,4,3,2,"4,000,000,000 تومان",20,مسکونی,سنگ,شخصي,0,1,0,0,3,60,1,2,MDF,ايرانی,سراميک,1,0,1,1,شوفاژ_کولر_گاز,شخصي,مسکونی
آپارتمان,1404/02/02,تهرانپارس فلكه سوم خ 192غربی,4,5,1,"25,400,000,000 تومان",6,مسکونی,سنگ,شخصي,0,1,0,0,1,182,3,1,MDF,ايراني فرنگي,سراميک,1,1,1,1,شوفاژ_کولر_آسانسور_گاز,شخصي,مسکونی
آپارتمان,1404/02/10,حكیمیه خ سازمان آب,4,5,3,"8,500,000,000 تومان",6,مسکونی,سنگ,شخصي,0,1,0,0,2,73,2,1,MDF,ايراني فرنگي,سراميک,1,1,1,0,شوفاژ_کولر_آسانسور_گاز,شخصي,مسکونی
آپارتمان,1404/02/09,سراج خ والائیان شمالی,4,4,1,"2,700,000,000 تومان",30,مسکونی,سنگ,قولنامه اي,0,0,0,1,زیرهمكف,50,1,1,MDF,ايرانی,سراميک,1,0,1,1,کولر_گاز,قولنامه اي,مسکونی
آپارتمان,1404/02/01,جشنواره خ قاسمی,4,4,4,"4,800,000,000 تومان",22,مسکونی,سنگ,شخصي,1,1,0,0,2,70,2,1,MDF,ايرانی,سراميک,1,0,1,0,کولر_گاز,شخصي,مسکونی
آپارتمان,1404/02/11,هروی ساقدوش,4,5,4,"17,300,000,000 تومان",نوساز,تخلیه,تراورتن,شخصي,0,1,0,0,3,105,2,1,MDF,ايراني فرنگي,سنگ,1,1,1,1,کولر_آسانسور_پکیج_گاز,شخصي,تخلیه
آپارتمان,1404/01/30,فرجام خ مظاهری,4,4,1,"5,950,000,000 تومان",6,مسکونی,سنگ,شخصي,1,0,0,0,1,58,1,1,هایگلاس,ايراني فرنگي,سنگ,0,0,1,1,آسانسور,شخصي,مسکونی
آپارتمان,1404/01/28,تهرانپارس فلكه 2 خ 188,4,5,2,"11,300,000,000 تومان",10,تخلیه,تراورتن,شخصي,1,0,0,0,2,91,2,1,هایگلاس,ايراني فرنگي,سنگ,0,1,1,1,کولر_آسانسور_پکیج,شخصي,تخلیه
آپارتمان,1404/01/31,فرجام شرقی خ 41,4,3,2,"15,000,000,000 تومان",25,تخلیه,سنگ,شخصي,1,1,0,0,3,160,3,1,MDF,ايراني فرنگي,سراميک,1,1,1,1,شوفاژ_کولر_پکیج_گاز,شخصي,تخلیه
آپارتمان,1404/02/06,لویزان شیان,4,3,1,"4,500,000,000 تومان",30,مسکونی,سنگ,قولنامه اي,1,0,0,0,3,75,2,1,MDF,ايراني فرنگي,سراميک,1,0,0,1,شوفاژ_کولر_گاز,قولنامه اي,مسکونی
آپارتمان,1404/02/08,هروی خ ساقدوش خ پیری غربی,4,5,1,"7,800,000,000 تومان",17,مسکونی,سنگ,شخصي,0,1,0,0,همكف,60,1,1,MDF,فرنگی,سراميک,1,0,0,0,شوفاژ_کولر,شخصي,مسکونی
آپارتمان,1404/02/01,جشنواره خ زهدی,4,4,2,"7,500,000,000 تومان",15,اجاره,سنگ,شخصي,0,1,0,0,دو واحد,100,2,2,MDF,ايرانی,سراميک,1,1,1,0,کولر_گاز,شخصي,اجاره
آپارتمان,1404/02/08,شمس آباد خ شهید كرد,4,3,4,"6,200,000,000 تومان",23,اجاره,سنگ,شخصي,0,1,0,0,1,50,1,1,MDF,ايراني فرنگي,سراميک,1,1,1,0,شوفاژ_کولر_گاز,شخصي,اجاره
آپارتمان,1404/02/07,اتوبان بابایی شهرك كوثر,4,4,2,"4,615,000,000 تومان",21,مسکونی,سنگ,شخصي,1,0,0,0,3,65,1,1,MDF,ايرانی,سراميک,1,1,1,0,شوفاژ_کولر_گاز,شخصي,مسکونی
آپارتمان,1404/02/06,خواجه عبدالله خ ابوذرغفاری,4,3,2,"15,000,000,000 تومان",446,30,تخلیه,سنگ,0,1,0,0,2,116,2,1,MDF,ايراني فرنگي,سنگ,1,1,0,1,شوفاژ_کولر_گاز,شخصي,تخلیه
آپارتمان,1404/02/10,فرجام غربی خ عبادی,4,5,2,"8,150,000,000 تومان",3,مسکونی,سنگ,شخصي,1,0,0,0,4,70,2,1,MDF,ايراني فرنگي,سراميک,1,1,1,0,کولر_آسانسور_پکیج,شخصي,مسکونی
آپارتمان,1404/02/03,قنات كوثر نرسیده به ك ششم,4,5,1,"22,500,000,000 تومان",نوساز,تخلیه,سنگ,شخصي,0,1,0,0,4,180,3,1,MDF,ايراني فرنگي,سنگ,1,1,1,1,کولر_آسانسور_پکیج_گاز,شخصي,تخلیه
آپارتمان,1404/02/02,تهران پارس خ ایزدپناه,4,5,4,"6,300,000,000 تومان",17,مسکونی,سنگ,شخصي,1,0,0,0,4,63,2,1,MDF,فرنگی,سراميک,1,0,1,0,شوفاژ_کولر_آسانسور_گاز,شخصي,مسکونی
آپارتمان,1404/02/02,هنگام شمیران نو,4,4,1,"2,200,000,000 تومان",1,اجاره,سنگ,قولنامه اي,0,1,0,0,3,65,2,1,MDF,ايرانی,سراميک,1,0,1,0,کولر_گاز,قولنامه اي,اجاره
آپارتمان,1404/02/01,شهیدعراقی ك حق گو,4,4,1,"13,230,000,000 تومان",نوساز,تخلیه,سنگ,شخصي,0,1,0,0,1,63,1,1,هایگلاس,ايراني فرنگي,سراميک,1,0,0,1,کولر_آسانسور_پکیج_گاز,شخصي,تخلیه
آپارتمان,1404/01/28,هنگام شمیران نو,4,5,1,"6,100,000,000 تومان",4,مسکونی,سنگ,قولنامه اي,0,1,0,0,2,120,2,1,MDF,ايراني فرنگي,سراميک,1,1,1,1,شوفاژ_کولر_آسانسور_پکیج_گاز,قولنامه اي,مسکونی
آپارتمان,1404/02/11,تهرانپارس فلكه چهارم,4,4,2,"8,500,000,000 تومان",23,تخلیه,سنگ,شخصي,0,1,0,0,1,100,2,1,MDF,ايراني فرنگي,سراميک,1,0,1,1,شوفاژ_کولر_گاز,شخصي,تخلیه
آپارتمان,1404/02/06,جشنواره خ احسان,4,5,4,"8,500,000,000 تومان",5,مسکونی,سنگ,دردست اقدام,0,1,0,0,4,92,2,1,MDF,ايراني فرنگي,سراميک,1,1,1,1,کولر_آسانسور_پکیج_گاز,دردست اقدام,مسکونی
آپارتمان,1404/02/01,هروی ساقدوش,4,4,8,"14,000,000,000 تومان",7,تخلیه,سنگ,شخصي,0,1,0,0,3,86,2,1,MDF,ايراني فرنگي,سراميک,1,1,1,1,کولر_چیلر,شخصي,تخلیه
آپارتمان,1404/02/10,تهرانپارس خ 214غربی,4,4,1,"7,000,000,000 تومان",9,مسکونی,سنگ,شخصي,1,0,0,0,1,81,2,1,MDF,ايرانی,سنگ,1,0,1,1,شوفاژ_کولر_آسانسور_گاز,شخصي,مسکونی
آپارتمان,1404/02/03,هروی بین مكران جنوبی و پناهی نیا,4,5,2,"21,000,000,000 تومان",مسکونی,سنگ,شخصي,باز سازی شده,0,1,0,0,5,131,2,1,MDF,ايراني فرنگي,سراميک,1,1,1,0,کولر_آسانسور_گاز,شخصي,مسکونی
آپارتمان,1404/01/31,تهرانپارس خ استخر,4,4,4,"8,400,000,000 تومان",16,مسکونی,سنگ,شخصي,0,1,0,0,1,103,2,1,MDF,ايراني فرنگي,پارکت,1,1,1,1,شوفاژ_کولر_آسانسور_پکیج_گاز,شخصي,مسکونی
آپارتمان,1404/01/30,دلاوران خ تكاوران شمالی,4,3,2,"7,000,000,000 تومان",200,22,اجاره,سنگ,0,1,0,0,1,62,2,1,MDF,ايراني فرنگي,سراميک,1,1,1,0,کولر_گاز,شخصي,اجاره
آپارتمان,1404/02/10,خواجه عبدالله ابوذر جنوبی,4,5,1,"22,500,000,000 تومان",8,اجاره,سنگ,شخصي,0,1,0,0,2,150,3,1,MDF,ايراني فرنگي,سراميک,1,1,1,1,کولر_آسانسور_پکیج_گاز,شخصي,اجاره
آپارتمان,1404/01/31,خواجه عبداله خ غفاری,4,4,1,"7,300,000,000 تومان",20,اجاره,سنگ,شخصي,0,1,0,0,زیرهمكف,62,1,1,MDF,ايراني فرنگي,سراميک,1,0,1,0,کولر_گاز,شخصي,اجاره
آپارتمان,1404/02/03,جشنواره خ زهدی,4,5,3,"3,800,000,000 تومان",10,مسکونی,سنگ,شخصي,0,1,0,0,1,58,1,1,MDF,ايرانی,سراميک,1,0,0,0,کولر_آسانسور_پکیج_گاز,شخصي,مسکونی
آپارتمان,1404/02/07,قنات كوثر خ مسجد,4,4,2,"11,000,000,000 تومان",14,مسکونی,سنگ,شخصي,0,1,0,0,3,96,2,1,MDF,ايراني فرنگي,سراميک,1,1,1,1,شوفاژ_کولر_آسانسور_گاز,شخصي,مسکونی
آپارتمان,1404/02/01,هروی مكران جنوبی,4,4,1,"15,000,000,000 تومان",نوساز,مسکونی,سنگ,شخصي,1,0,0,0,2,100,2,1,MDF,ايراني فرنگي,سراميک,1,1,1,0,کولر_آسانسور_گاز,شخصي,مسکونی
آپارتمان,1404/02/08,تهران پارس میدان پروین خ 196 شرقی,4,3,6,"5,000,000,000 تومان",80,28,مسکونی,سنگ,1,0,0,0,3,80,2,1,MDF,ايرانی,سراميک,1,1,1,0,شوفاژ_کولر,شخصي,مسکونی
آپارتمان,1404/02/03,سراج خ سروش,4,6,2,"9,500,000,000 تومان",8,مسکونی,سنگ,شخصي,1,0,0,0,4,105,2,1,MDF,ايراني فرنگي,سراميک,1,1,1,0,کولر_آسانسور_پکیج_گاز,شخصي,مسکونی
آپارتمان,1404/01/30,تهرانپارس خ 210 غربی,4,5,2,"13,000,000,000 تومان",نوساز,تخلیه,سنگ,شخصي,0,1,0,0,4,100,2,0,MDF,ايراني فرنگي,سراميک,1,1,1,1,آسانسور_پکیج,شخصي,تخلیه
آپارتمان,1404/01/28,هروی خ افتخاریان,4,5,1,"21,600,000,000 تومان",نوساز,تخلیه,سنگ,شخصي,1,0,0,0,5,135,3,1,MDF,ايراني فرنگي,سنگ,1,1,1,1,کولر_آسانسور_پکیج,شخصي,تخلیه
آپارتمان,1404/02/08,هروی ساقدوش,4,6,4,"21,930,000,000 تومان",9,مسکونی,سنگ,شخصي,0,1,0,0,4,129,2,1,MDF,ايراني فرنگي,سراميک,1,1,1,1,شوفاژ_کولر_آسانسور_گاز,شخصي,مسکونی
آپارتمان,1404/01/30,هنگام بالاتراز سازمان آب,4,4,1,"6,630,000,000 تومان",11,مسکونی,سنگ,شخصي,1,0,0,0,1,78,2,1,MDF,ايرانی,سراميک,1,1,1,1,شوفاژ_کولر_آسانسور_گاز,شخصي,مسکونی
آپارتمان,1404/02/03,اتوبان بابایی شهرك بهشتی,4,9,5,"8,200,000,000 تومان",9,مسکونی,سنگ,تعاوني,0,1,0,0,8,92,2,1,MDF,ايراني فرنگي,سراميک,1,1,1,1,شوفاژ_کولر_آسانسور_گاز,تعاوني,مسکونی
آپارتمان,1404/01/30,خواجه عبداله خ تیسفون,4,5,2,"15,400,000,000 تومان",نوساز,تخلیه,تراورتن,شخصي,0,1,0,0,5,70,1,1,MDF,ايراني فرنگي,سنگ,1,1,1,1,شوفاژ_کولر_آسانسور_پکیج_گاز,شخصي,تخلیه
آپارتمان,1404/02/08,تهرانپارس بین فلكه دوم و سوم خ تیرانداز,4,4,1,"9,810,000,000 تومان",25,تخلیه,سنگ,شخصي,0,1,0,0,3,109,2,1,MDF,ايرانی,سراميک,1,1,1,1,شوفاژ_کولر_گاز,شخصي,تخلیه
آپارتمان,1404/02/08,مجیدیه شمالی خ استاد حسن بنا خ حسینی,4,4,1,"15,240,000,000 تومان",6,تخلیه,سنگ,شخصي,0,1,0,0,3,127,3,1,MDF,ايراني فرنگي,سراميک,1,1,1,1,شوفاژ_کولر_آسانسور_پکیج_گاز,شخصي,تخلیه
آپارتمان,1404/02/10,سراج نرسیده به ك اسلامی,4,5,3,"14,300,000,000 تومان",2,مسکونی,سنگ,شخصي,1,0,0,0,4,128,3,1,MDF,ايراني فرنگي,سراميک,1,1,1,1,کولر_آسانسور_پکیج,شخصي,مسکونی
آپارتمان,1404/02/01,تهرانپارس خ گلبرگ,4,4,4,"6,800,000,000 تومان",20,تخلیه,سنگ,شخصي,1,0,0,0,2,68,2,1,MDF,ايراني فرنگي,سنگ,1,0,1,1,کولر_آسانسور_پکیج,شخصي,تخلیه
آپارتمان,1404/02/07,تهرانپارس بلوار پروین خ واثقی,4,5,2,"6,000,000,000 تومان",9,تخلیه,سنگ,شخصي,1,0,0,0,1,74,2,1,MDF,ايراني فرنگي,سنگ,1,0,1,1,شوفاژ_کولر_آسانسور_گاز,شخصي,تخلیه
آپارتمان,1404/02/09,دلاوران خ تكاوران,4,6,3,"9,000,000,000 تومان",6,تخلیه,سنگ,شخصي,0,1,0,0,5,108,2,1,MDF,ايراني فرنگي,سراميک,1,1,1,1,شوفاژ_کولر_آسانسور_گاز,شخصي,تخلیه
آپارتمان,1404/02/08,لویزان خ مباركی,4,4,1,"6,800,000,000 تومان",8,مسکونی,سنگ,شخصي,1,0,0,0,1,65,1,1,MDF,ايرانی,سراميک,1,1,1,1,شوفاژ_کولر_آسانسور_پکیج_گاز,شخصي,مسکونی
آپارتمان,1404/02/06,اتوبان بابایی شهرك شهید بهشتی,4,10,7,"10,000,000,000 تومان",12,مسکونی,ترکیبی,تعاوني,1,0,0,0,5,108,2,1,MDF,ايراني فرنگي,سراميک,1,1,1,1,شوفاژ_کولر_آسانسور_گاز,تعاوني,مسکونی
آپارتمان,1404/02/03,بزرگراه رسالت روبروی پمپ بنزین,4,4,3,"6,000,000,000 تومان",30,مسکونی,آجر,شخصي,1,0,0,0,3,70,2,1,MDF,ايراني فرنگي,سراميک,1,1,1,0,شوفاژ_کولر_پکیج_گاز,شخصي,مسکونی
آپارتمان,1404/02/09,هنگام میدان كاظمی,4,7,1,"16,800,000,000 تومان",نوساز,تخلیه,سنگ,شخصي,0,1,0,0,4,140,3,1,MDF,ايراني فرنگي,سراميک,1,1,0,1,شوفاژ_کولر_آسانسور_پکیج_گاز,شخصي,تخلیه
آپارتمان,1404/02/07,تهرانپارس بلوار پروین ك مولایی,4,3,2,"7,000,000,000 تومان",30,مسکونی,آجر سه سانت,شخصي,0,1,0,0,همكف,70,1,1,MDF,ايرانی,پارکت,1,0,1,1,شوفاژ_کولر,شخصي,مسکونی
آپارتمان,1404/02/11,حكیمیه خ خرم خ پگاه,4,3,2,"5,500,000,000 تومان",19,تخلیه,سنگ,شخصي,0,1,0,0,2,60,1,1,MDF,ايرانی,سراميک,1,0,1,0,کولر_گاز,شخصي,تخلیه
آپارتمان,1404/02/03,تهرانپارس فلكه چهارم,4,4,2,"9,700,000,000 تومان",24,تخلیه,سنگ,شخصي,0,1,0,0,2,105,2,1,MDF,ايراني فرنگي,موکت,1,1,1,1,شوفاژ_کولر_آسانسور_گاز,شخصي,تخلیه
آپارتمان,1404/02/02,هنگام استقلال خ آمره ای,4,5,2,"8,360,000,000 تومان",12,مسکونی,سنگ,شخصي,0,1,0,0,4,88,2,1,MDF,ايراني فرنگي,سنگ,1,1,1,1,شوفاژ_کولر_آسانسور_گاز,شخصي,مسکونی
آپارتمان,1404/01/30,میدان رسالت بالاتر از مسجد رسول,4,5,1,"13,000,000,000 تومان",13,مسکونی,سنگ,شخصي,1,0,0,0,5,144,3,1,MDF,ايراني فرنگي,سنگ,1,1,1,1,شوفاژ_کولر_آسانسور_گاز,شخصي,مسکونی
آپارتمان,1404/02/01,تهران پارس خ توحید خ نوروزی,4,4,1,"12,870,000,000 تومان",12,مسکونی,سنگ,شخصي,1,1,0,0,3,117,3,1,MDF,ايراني فرنگي,لامنيت,1,1,1,0,کولر_آسانسور_پکیج,شخصي,مسکونی
آپارتمان,1404/01/28,تهرانپارس خ 212,4,5,4,"8,200,000,000 تومان",19,اجاره,سنگ,شخصي,1,0,0,0,4,89,2,1,MDF,ايرانی,سراميک,1,0,1,0,شوفاژ_کولر_آسانسور,شخصي,اجاره
آپارتمان,1404/02/03,هنگام بلواراستقلال,4,4,4,"16,000,000,000 تومان",11,تخلیه,سنگ,شخصي,0,0,0,1,1,116,3,1,MDF,ايراني فرنگي,سراميک,1,1,1,0,شوفاژ_کولر_آسانسور_پکیج_گاز,شخصي,تخلیه
آپارتمان,1404/02/01,فرجام غربی نرسیده به خ برادران باقری,4,4,1,"12,000,000,000 تومان",15,تخلیه,سنگ,شخصي,0,1,0,0,1,105,2,0,MDF,ايراني فرنگي,سراميک,1,0,1,1,کولر_پکیج,شخصي,تخلیه
آپارتمان,1404/02/01,فرجام خ حیدرخانی شمالی,4,5,2,"14,500,000,000 تومان",نوساز,تخلیه,ترکیبی,شخصي,0,0,0,1,1,116,3,1,MDF,ايراني فرنگي,سراميک,1,1,1,1,کولر_آسانسور_پکیج,شخصي,تخلیه
آپارتمان,1404/02/07,تهرانپارس خ وفادارشرقی,4,3,1,"7,000,000,000 تومان",70,22,اجاره,سيمان,1,0,0,0,زیرهمكف,60,1,1,فلزي,ايرانی,سراميک,1,0,1,1,کولر_گاز,قولنامه اي,اجاره
آپارتمان,1404/02/01,اتوبان بابایی شهرك بهشتی,4,19,10,"10,670,000,000 تومان",1,تخلیه,سيمان,تعاوني,0,1,0,0,16,97,2,1,MDF,ايراني فرنگي,سراميک,1,1,1,1,شوفاژ_کولر_آسانسور_گاز,تعاوني,تخلیه
آپارتمان,1404/01/30,تهرانپارس شرقی بلوار پروین خ 218,4,5,2,"10,450,000,000 تومان",1,اجاره,سنگ,شخصي,0,1,0,0,4,110,2,1,MDF,ايراني فرنگي,سراميک,1,1,1,0,شوفاژ_کولر_آسانسور_پکیج_گاز,شخصي,اجاره
آپارتمان,1404/01/30,خواجه عبدالله خ ششم,4,3,1,"20,000,000,000 تومان",30,مسکونی,سنگ,شخصي,1,0,0,0,همكف,162,3,1,MDF,ايراني فرنگي,سراميک,1,0,1,1,شوفاژ_کولر_گاز,شخصي,مسکونی
آپارتمان,1404/01/31,شمس آباد بالاتر از میدان شریفی,4,5,1,"28,500,000,000 تومان",نوساز,تخلیه,سنگ,شخصي,0,1,0,0,2,150,3,1,MDF,ايراني فرنگي,سنگ,1,1,1,1,کولر_آسانسور_پکیج_گاز,شخصي,تخلیه
آپارتمان,1404/02/06,شمس آباد خ مظفری,4,4,1,"6,500,000,000 تومان",16,تخلیه,سنگ,شخصي,1,0,0,0,3,64,2,1,MDF,ايرانی,سراميک,1,0,1,0,کولر_گاز,شخصي,تخلیه
آپارتمان,1404/01/30,لویزان خ فرشادی,4,3,1,"8,800,000,000 تومان",30,تخلیه,سنگ,شخصي,0,1,0,0,همكف,100,2,1,MDF,ايراني فرنگي,سراميک,1,0,1,0,کولر_گاز,شخصي,تخلیه
آپارتمان,1404/02/03,تهرانپارس بین فلكه سوم وچهارم,4,4,1,"15,000,000,000 تومان",نوساز,تخلیه,سنگ,شخصي,1,0,0,0,2,105,2,1,MDF,ايراني فرنگي,سراميک,1,1,1,1,کولر_آسانسور_پکیج_گاز,شخصي,تخلیه
آپارتمان,1404/02/02,تهرانپارس خ استخر,4,5,3,"14,300,000,000 تومان",نوساز,تخلیه,ترکیبی,شخصي,1,0,0,0,3,130,3,0,MDF,ايراني فرنگي,سراميک,1,1,1,1,کولر_آسانسور_پکیج,شخصي,تخلیه
آپارتمان,1404/02/01,میدان رسالت مسجد رسول,4,4,1,"11,100,000,000 تومان",20,تخلیه,سنگ,شخصي,1,0,0,0,2,111,2,1,فلزي,ايرانی,سراميک,1,1,1,1,کولر_گاز,شخصي,تخلیه
آپارتمان,1404/01/30,تهرانپارس فلكه سوم خ 196 شرقی,4,2,2,"30,000,000,000 تومان",400,13,30,مسکونی,0,1,0,1,1,150,3,2,MDF,ايراني فرنگي,سراميک,1,1,1,0,شوفاژ_کولر_گاز,شخصي,مسکونی
آپارتمان,1404/02/10,هروی ساقدوش,4,5,4,"17,000,000,000 تومان",15,مسکونی,سنگ,شخصي,1,0,0,0,2,114,3,1,MDF,ايراني فرنگي,پارکت,1,1,1,1,شوفاژ_کولر_آسانسور_گاز,شخصي,مسکونی
آپارتمان,1404/02/02,مجیدیه شمالی خ استاد حسن بنا,4,4,1,"4,000,000,000 تومان",16,تخلیه,سنگ,شخصي,0,1,0,0,3,52,1,1,MDF,ايرانی,سراميک,1,0,1,0,کولر_گاز,شخصي,تخلیه
آپارتمان,1404/02/08,هنگام شمیران نو,4,3,2,"4,000,000,000 تومان",25,مسکونی,سنگ,قولنامه اي,0,1,0,0,همكف,85,2,1,MDF,ايرانی,سراميک,1,0,1,0,کولر_گاز,قولنامه اي,مسکونی
آپارتمان,1404/02/08,حكیمیه خ سازمان آب,4,7,6,"8,330,000,000 تومان",نوساز,تخلیه,سنگ,دردست اقدام,1,0,0,0,6,98,2,1,دلخواه,ايراني فرنگي,سراميک,0,1,1,1,فن کوئر_آسانسور,دردست اقدام,تخلیه
آپارتمان,1404/02/09,تهرانپارس خ طاهری,4,4,2,"6,000,000,000 تومان",22,مسکونی,سنگ,شخصي,1,0,0,0,1,70,2,1,MDF,ايرانی,سراميک,1,0,1,0,شوفاژ_کولر_گاز,شخصي,مسکونی
آپارتمان,1404/02/09,اتوبان بابایی شهرك البرز,4,10,8,"9,000,000,000 تومان",8,مسکونی,سيمان,تعاوني,0,1,0,0,5,92,3,1,هایگلاس,ايراني فرنگي,سراميک,1,1,1,0,شوفاژ_کولر_آسانسور_گاز,تعاوني,مسکونی
آپارتمان,1404/02/08,جشنواره میدان رهبر خ بهزادی,4,5,1,"3,100,000,000 تومان",3,مسکونی,سنگ,قولنامه اي,0,1,0,0,2,75,2,1,MDF,ايرانی,سراميک,1,0,1,0,کولر_آسانسور_گاز,قولنامه اي,مسکونی
آپارتمان,1404/02/02,شهیدعراقی خ سیف,4,5,3,"17,000,000,000 تومان",5,اجاره,سنگ,شخصي,1,0,0,0,3,100,2,1,MDF,ايراني فرنگي,سنگ,1,1,1,1,شوفاژ_کولر_آسانسور_گاز,شخصي,اجاره
آپارتمان,1404/02/02,تهرانپارس خ استخر خ صفائی فراهانی,4,5,1,"21,000,000,000 تومان",نوساز,تخلیه,ترکیبی,شخصي,1,1,0,0,3,150,3,1,چوبي,ايراني فرنگي,سراميک,1,1,1,1,کولر_آسانسور_پکیج_گاز,شخصي,تخلیه
آپارتمان,1404/01/31,تهرانپارس ك 194 غربی,4,5,3,"6,850,000,000 تومان",20,تخلیه,سنگ,شخصي,0,1,0,0,4,62,1,1,MDF,ايرانی,موزائيک,1,0,1,1,شوفاژ_کولر_آسانسور_گاز,شخصي,تخلیه
آپارتمان,1404/01/31,تهرانپارس میدان پروین خ 196,4,4,2,"4,650,000,000 تومان",13,مسکونی,سنگ,شخصي,1,1,0,0,همكف,74,2,1,MDF,فرنگی,سنگ,1,0,1,1,کولر_گاز,شخصي,مسکونی
آپارتمان,1404/02/08,تهرانپارس خ بهار,4,5,2,"18,000,000,000 تومان",10,مسکونی,ترکیبی,شخصي,1,0,0,0,4,145,3,1,MDF,ايراني فرنگي,سنگ,1,1,1,1,شوفاژ_کولر_آسانسور,شخصي,مسکونی
آپارتمان,1404/02/08,فرجام غربی خ احدزاده,4,5,2,"10,500,000,000 تومان",4,تخلیه,سنگ,شخصي,0,1,0,0,2,90,2,1,MDF,ايراني فرنگي,سنگ,1,1,0,1,شوفاژ_کولر_آسانسور_پکیج_گاز,شخصي,تخلیه
آپارتمان,1404/02/02,تهرانپارس بلوار شاهد,4,4,2,"5,300,000,000 تومان",23,مسکونی,سنگ,شخصي,0,1,0,0,4,60,1,2,MDF,ايرانی,سراميک,0,0,1,0,شوفاژ_کولر_گاز,شخصي,مسکونی
آپارتمان,1404/01/31,لویزان خ طجرلو ك شیان,4,5,4,"11,200,000,000 تومان",17,مسکونی,سنگ,شخصي,0,1,0,0,2,92,2,1,MDF,فرنگی,سراميک,1,0,1,1,شوفاژ_کولر_آسانسور_گاز,شخصي,مسکونی
آپارتمان,1404/01/30,جشنواره بلوار احسان,4,5,4,"5,460,000,000 تومان",18,مسکونی,سنگ,شخصي,0,1,0,0,3,91,2,1,MDF,ايراني فرنگي,سراميک,1,1,1,0,شوفاژ_کولر_آسانسور_گاز,شخصي,مسکونی
آپارتمان,1404/02/02,تهرانپارس خ ایزدپناه,4,4,3,"7,500,000,000 تومان",21,اجاره,سنگ,شخصي,1,0,0,0,3,89,2,1,هایگلاس,ايراني فرنگي,سنگ,1,1,1,1,شوفاژ_کولر,شخصي,اجاره
آپارتمان,1404/02/08,فرجام خ حیدرخانی,4,4,1,"9,880,000,000 تومان",22,اجاره,سنگ,شخصي,0,1,0,0,1,104,2,1,MDF,ايرانی,سراميک,1,0,0,1,شوفاژ_کولر_گاز,شخصي,اجاره
آپارتمان,1404/02/08,هنگام شمیران نو,4,1,1,"4,500,000,000 تومان",23,تخلیه,سنگ,قولنامه اي,1,0,0,0,1,80,1,1,MDF,ايرانی,سراميک,1,0,1,0,کولر_گاز,قولنامه اي,تخلیه
آپارتمان,1404/01/30,جشنواره خ امین ك علامه طباطبایی,4,4,1,"3,800,000,000 تومان",12,مسکونی,سنگ,شخصي,0,1,0,0,3,60,1,1,MDF,ايرانی,سراميک,1,0,1,0,شوفاژ_کولر_آسانسور_گاز,شخصي,مسکونی
آپارتمان,1404/01/30,سراج ك احمدبیات,4,4,1,"28,500,000,000 تومان",150,8,12,مسکونی,0,1,0,0,كلی,380,8,1,MDF,ايراني فرنگي,سنگ,1,1,0,1,شوفاژ_کولر_گاز,شخصي,مسکونی
آپارتمان,1404/02/07,تهرانپارس ك شعبانی,4,5,2,"9,500,000,000 تومان",15,مسکونی,سنگ,شخصي,0,1,0,0,3,92,2,1,MDF,ايراني فرنگي,پارکت,1,1,1,0,کولر_آسانسور_پکیج,شخصي,مسکونی
آپارتمان,1404/02/01,خواجه عبد الله خ چگینی,4,5,2,"18,700,000,000 تومان",نوساز,تخلیه,سنگ,شخصي,1,0,0,0,1,110,2,1,هایگلاس,ايراني فرنگي,سنگ,1,1,1,1,کولر_آسانسور_پکیج_گاز,شخصي,تخلیه
آپارتمان,1404/01/31,تهرانپارس خ 196 غربی خ 210,4,5,2,"11,000,000,000 تومان",10,مسکونی,سنگ,شخصي,1,0,0,0,5,100,2,1,MDF,ايراني فرنگي,سنگ,1,1,1,1,کولر_آسانسور_پکیج,شخصي,مسکونی
آپارتمان,1404/01/28,شمس آباد خ خانعلی,4,5,2,"12,610,000,000 تومان",1,مسکونی,سنگ,شخصي,0,1,0,0,3,97,2,1,MDF,ايراني فرنگي,سراميک,1,1,1,1,شوفاژ_کولر_آسانسور_پکیج_گاز,شخصي,مسکونی
آپارتمان,1404/02/02,جشنواره خ امین خ مطهری,4,5,4,"6,850,000,000 تومان",10,مسکونی,سنگ,شخصي,0,1,0,0,3,71,2,1,هایگلاس,ايرانی,سراميک,1,1,1,1,شوفاژ_کولر_آسانسور_گاز,شخصي,مسکونی
آپارتمان,1404/02/01,بزرگراه رسالت نرسیده به مترو باقری خ احمدیان,4,5,3,"12,000,000,000 تومان",1,مسکونی,سنگ,شخصي,1,0,0,0,1,104,2,1,MDF,ايراني فرنگي,سراميک,1,1,1,1,کولر_آسانسور_پکیج_گاز,شخصي,مسکونی
آپارتمان,1404/02/11,فرجام غربی خ حیدرخانی,4,4,1,"4,000,000,000 تومان",17,اجاره,سنگ,شخصي,1,0,0,0,2,45,1,1,MDF,ايرانی,پارکت,1,0,1,0,شوفاژ_کولر_آسانسور_گاز,شخصي,اجاره
آپارتمان,1404/02/07,تهرانپارس خ 148,4,3,1,"20,000,000,000 تومان",30,مسکونی,سنگ,شخصي,0,1,0,0,همكف+1,104,2,1,MDF,ايرانی,سراميک,1,1,1,1,کولر_حیاط_پکیج_گاز,شخصي,مسکونی
آپارتمان,1404/02/03,تهرانپارس بلوار پروین خ 214,4,5,1,"16,640,000,000 تومان",نوساز,تخلیه,سنگ,شخصي,1,0,0,0,5,130,3,1,MDF,ايراني فرنگي,سراميک,1,1,1,1,کولر_آسانسور_پکیج_گاز,شخصي,تخلیه
آپارتمان,1404/02/02,جشنواره خ زهدی,4,4,2,"3,800,000,000 تومان",16,تخلیه,سنگ,شخصي,1,0,0,0,3,60,1,1,MDF,ايرانی,سراميک,1,1,1,1,کولر_گاز,شخصي,تخلیه
آپارتمان,1404/02/08,جشنواره بلوار احسان,4,4,4,"4,800,000,000 تومان",20,اجاره,سنگ,شخصي,0,1,0,0,2,82,2,1,MDF,ايراني فرنگي,سراميک,1,1,1,0,کولر_گاز,شخصي,اجاره
آپارتمان,1404/01/31,تهرانپارس خ 222 غربی,4,4,2,"6,900,000,000 تومان",17,مسکونی,سنگ,شخصي,1,0,0,0,2,88,2,1,MDF,ايرانی,سراميک,1,1,1,0,کولر_پکیج_گاز,شخصي,مسکونی
آپارتمان,1404/02/07,شمس آباد میدان ملت,4,5,2,"23,000,000,000 تومان",7,تخلیه,سنگ,شخصي,1,0,0,0,4,100,2,1,MDF,ايراني فرنگي,موکت,1,1,1,1,شوفاژ_کولر_آسانسور_گاز,شخصي,تخلیه
آپارتمان,1404/02/09,هنگام شمیران نو,4,3,1,"2,500,000,000 تومان",22,مسکونی,سنگ,قولنامه اي,0,1,0,0,1,55,1,1,MDF,ايرانی,سراميک,1,0,1,0,کولر_گاز,قولنامه اي,مسکونی
آپارتمان,1404/02/09,جشنواره خ اسفندانی,4,4,2,"4,500,000,000 تومان",20,تخلیه,سنگ,شخصي,0,1,0,0,4,63,2,1,MDF,ايرانی,پارکت,0,0,1,1,شوفاژ_کولر,شخصي,تخلیه
آپارتمان,1404/02/01,فرجام خ حیدرخانی,4,4,2,"4,050,000,000 تومان",21,مسکونی,سنگ,شخصي,1,0,0,0,3,63,1,1,MDF,ايرانی,سراميک,0,0,0,1,کولر_گاز,شخصي,مسکونی
آپارتمان,1404/02/10,هنگام شمیران نو,4,6,2,"4,500,000,000 تومان",13,مسکونی,سنگ,قولنامه اي,1,0,0,0,6,75,2,2,MDF,ايرانی,موکت,1,1,0,0,شوفاژ_کولر_آسانسور_گاز,قولنامه اي,مسکونی
آپارتمان,1404/02/06,شهیدعراقی خ كشوری,4,5,2,"21,700,000,000 تومان",3,تخلیه,سنگ,شخصي,0,1,0,0,2,140,3,1,هایگلاس,ايرانی,سنگ,1,1,1,1,شوفاژ_کولر_آسانسور_پکیج_گاز,شخصي,تخلیه
آپارتمان,1404/02/08,قنات كوثر 20 متری مسجد,4,4,1,"7,150,000,000 تومان",12,مسکونی,سنگ,شخصي,0,1,0,0,4,81,2,1,MDF,ايراني فرنگي,سراميک,1,0,1,1,کولر_پکیج_گاز,شخصي,مسکونی
آپارتمان,1404/02/03,تهرانپارس خ 200 غربی,4,4,7,"5,880,000,000 تومان",25,مسکونی,سنگ,شخصي,1,0,0,0,4,98,2,2,MDF,ايرانی,سراميک,1,0,1,1,کولر_گاز,شخصي,مسکونی
آپارتمان,1404/02/07,تهران پارس خ بهار ك 109,4,5,2,"19,000,000,000 تومان",16,مسکونی,سنگ,شخصي,0,1,0,0,2,150,3,1,MDF,ايراني فرنگي,سراميک,1,1,1,1,شوفاژ_کولر_آسانسور_گاز,شخصي,مسکونی
آپارتمان,1404/02/07,تهرانپارس بلوار پروین خ 208,4,4,2,"3,800,000,000 تومان",20,مسکونی,سنگ,شخصي,1,0,0,0,4,50,1,1,MDF,ايراني فرنگي,سراميک,1,0,1,0,کولر_گاز,شخصي,مسکونی
آپارتمان,1404/01/30,تهرانپارس خ 216 غربی,4,5,2,"7,300,000,000 تومان",13,اجاره,سنگ,شخصي,0,1,0,0,1,75,2,1,MDF,ايراني فرنگي,سراميک,1,0,1,0,شوفاژ_کولر_آسانسور,شخصي,اجاره
آپارتمان,1404/01/30,تهرانپارس خ استخر,4,4,3,"4,600,000,000 تومان",8,اجاره,سنگ,شخصي,0,1,0,0,1,53,1,1,MDF,ايراني فرنگي,سنگ,1,0,0,1,کولر_آسانسور_پکیج,شخصي,اجاره
آپارتمان,1404/01/30,تهرانپارس تقاطع توحید و استقلال,4,3,2,"5,700,000,000 تومان",15,تخلیه,سنگ,شخصي,1,1,0,0,1,57,1,1,MDF,ايرانی,سنگ,1,1,1,1,شوفاژ_کولر,شخصي,تخلیه
آپارتمان,1404/02/07,تهرانپارس بلوار پروین بین 133 و 135,4,5,2,"6,300,000,000 تومان",4,اجاره,تراورتن,دردست اقدام,0,1,0,0,5,67,1,0,MDF,ايراني فرنگي,پارکت سراميک,1,1,1,1,کولر_آسانسور_پکیج,دردست اقدام,اجاره
آپارتمان,1404/02/03,اتوبان بابایی شهرك شهید بهشتی,4,10,6,"6,500,000,000 تومان",7,مسکونی,سنگ,تعاوني,1,1,0,0,4,71,2,1,هایگلاس,ايراني فرنگي,سراميک,1,1,1,1,شوفاژ_کولر_آسانسور_گاز,تعاوني,مسکونی
آپارتمان,1404/02/01,تهرانپارس خ رشید,4,5,1,"17,550,000,000 تومان",19,مسکونی,گرانيت,شخصي,1,0,0,0,3,138,3,2,MDF,ايراني فرنگي,سنگ,1,1,1,1,شوفاژ_کولر_آسانسور,شخصي,مسکونی
آپارتمان,1404/02/02,اتوبان بابایی جنب شهرك بهشتی,4,15,11,"9,450,000,000 تومان",10,اجاره,سنگ,شخصي,1,0,1,0,5,105,2,1,هایگلاس,ايراني فرنگي,سراميک,1,1,1,1,آسانسور_چیلر,شخصي,اجاره
آپارتمان,1404/02/06,تهرانپارس بلوارپروین ك 220شرقی,4,4,4,"11,000,000,000 تومان",28,مسکونی,سنگ,شخصي,0,1,0,0,همكف,90,2,1,MDF,فرنگی,سراميک,1,1,1,1,شوفاژ_کولر_گاز,شخصي,مسکونی
آپارتمان,1404/02/06,سراج تقاطع اردیبهشت,4,4,2,"5,000,000,000 تومان",8,تخلیه,سنگ,شخصي,1,0,0,0,2,50,1,1,MDF,ايرانی,سراميک,1,1,1,1,شوفاژ_کولر_آسانسور_پکیج_گاز,شخصي,تخلیه
آپارتمان,1404/01/30,جشنواره خ هلیسایی,4,4,2,"6,500,000,000 تومان",30,اجاره,سنگ,شخصي,1,0,0,0,4,95,2,1,هایگلاس,ايرانی,لامنيت,0,1,1,1,کولر_پکیج,شخصي,اجاره
آپارتمان,1404/02/08,هروی خ حسین آباد,4,5,2,"17,100,000,000 تومان",نوساز,اجاره,سنگ,شخصي,0,1,0,0,2,95,2,1,MDF,ايراني فرنگي,سنگ,1,1,1,1,کولر_آسانسور_پکیج,شخصي,اجاره
آپارتمان,1404/02/02,هنگام نرسیده به ك ونایی,4,6,4,"9,700,000,000 تومان",4,مسکونی,سنگ,شخصي,1,0,0,0,3,97,2,2,MDF,ايراني فرنگي,سراميک,1,1,1,1,شوفاژ_کولر_آسانسور_گاز,شخصي,مسکونی
آپارتمان,1404/02/02,تهرانپارس بلوار پروین خ 133شمالی,4,3,2,"7,200,000,000 تومان",18,مسکونی,آجر سه سانت,شخصي,0,1,0,0,3,75,2,1,MDF,ايراني فرنگي,سراميک,1,0,0,0,کولر_پکیج_گاز,شخصي,مسکونی
آپارتمان,1404/01/28,شمس آباد خ هدایتی,4,4,4,"5,500,000,000 تومان",14,مسکونی,سنگ,شخصي,1,0,0,0,4,73,1,1,MDF,ايرانی,سراميک,1,0,1,1,شوفاژ_کولر_گاز,شخصي,مسکونی
آپارتمان,1404/02/09,لویزان خ فرشادی,4,6,4,"14,500,000,000 تومان",9,تخلیه,سنگ,شخصي,1,0,0,0,4,127,3,1,MDF,ايراني فرنگي,سنگ,1,1,1,1,شوفاژ_کولر_آسانسور_گاز,شخصي,تخلیه
آپارتمان,1404/02/08,تهرانپارس خ 112,4,5,1,"22,742,000,000 تومان",نوساز,تخلیه,سنگ,شخصي,0,1,0,0,2,166,3,1,MDF,ايراني فرنگي,سراميک,1,1,1,1,کولر_آسانسور_پکیج_گاز,شخصي,تخلیه
آپارتمان,1404/02/07,دلاوران تكاوران جنوبی,4,4,2,"3,900,000,000 تومان",18,اجاره,سنگ,شخصي,0,1,0,0,4,60,1,1,MDF,ايرانی,سراميک,0,0,1,0,کولر_آسانسور_گاز,شخصي,اجاره
آپارتمان,1404/02/03,قنات كوثر خ نهم,4,6,2,"11,000,000,000 تومان",9,اجاره,سنگ,شخصي,0,1,0,0,1,90,2,1,MDF,ايراني فرنگي,سراميک,1,1,1,1,کولر_آسانسور_پکیج_گاز,شخصي,اجاره
آپارتمان,1404/02/02,تهرانپارس بلوار شاهد,4,5,2,"8,200,000,000 تومان",16,تخلیه,سنگ,شخصي,0,1,0,0,5,94,2,1,MDF,فرنگی,سراميک,1,0,1,1,شوفاژ_کولر_آسانسور_پکیج_گاز,شخصي,تخلیه
آپارتمان,1404/02/09,جشنواره جنب مترو فرهنگسرا,4,4,4,"3,750,000,000 تومان",18,تخلیه,سنگ,شخصي,0,1,0,0,4,61,1,1,MDF,ايرانی,سراميک,1,0,1,1,کولر_گاز,شخصي,تخلیه
آپارتمان,1404/02/03,تهرانپارس فلكه سوم خ مظفری,4,6,2,"16,470,000,000 تومان",نوساز,تخلیه,سنگ,شخصي,1,1,0,0,مختلف,122,2,1,MDF,ايراني فرنگي,سنگ,1,1,1,1,کولر_آسانسور_پکیج,شخصي,تخلیه
آپارتمان,1404/01/31,هنگام شمیران نو,4,3,1,"1,600,000,000 تومان",16,تخلیه,سنگ,قولنامه اي,0,1,0,0,2,55,1,1,MDF,ايرانی,سراميک,1,0,1,0,کولر_آسانسور_گاز,قولنامه اي,تخلیه
آپارتمان,1404/02/09,هروی پناهی نیا خ ضابطی,4,4,---,"7,000,000,000 تومان",نوساز,تخلیه,شخصي,,1,0,0,0,1,48,1,1,MDF,ايراني فرنگي,سراميک,1,1,0,1,کولر_آسانسور_پکیج_گاز,شخصي,تخلیه
آپارتمان,1404/02/03,شمس آباد خ ریحانی,4,5,4,"12,600,000,000 تومان",6,مسکونی,سنگ,شخصي,1,0,0,0,2,84,2,1,MDF,ايراني فرنگي,سراميک,1,1,1,1,کولر_آسانسور_پکیج_گاز,شخصي,مسکونی
آپارتمان,1404/02/10,تهرانپارس خ استخر,4,2,1,"3,500,000,000 تومان",30,اجاره,سنگ,شخصي,0,1,0,0,1,58,1,1,MDF,ايرانی,موکت,1,0,0,0,کولر_گاز,شخصي,اجاره
آپارتمان,1404/01/30,تهرانپارس بالاتر از فلكه 3,4,5,3,"5,850,000,000 تومان",23,مسکونی,گرانيت,شخصي,0,1,0,0,4,61,1,1,MDF,ايراني فرنگي,سراميک,1,0,1,1,شوفاژ_کولر_آسانسور,شخصي,مسکونی
آپارتمان,1404/01/28,فرجام غربی خ عبادی,4,2,2,"14,025,000,000 تومان",30,مسکونی,سنگ,شخصي,0,1,0,0,2,165,3,1,فلزي,ايراني فرنگي,سراميک,1,1,1,1,شوفاژ_کولر_گاز,شخصي,مسکونی
آپارتمان,1404/02/01,شمس آباد خ محمودی,4,5,2,"15,600,000,000 تومان",2,مسکونی,سنگ,شخصي,1,0,0,0,5,120,2,1,MDF,ايراني فرنگي,سراميک,1,1,1,1,شوفاژ_کولر_آسانسور_پکیج_گاز,شخصي,مسکونی
آپارتمان,1404/02/08,شمس آباد خ ریحانی,4,5,2,"8,500,000,000 تومان",11,تخلیه,سنگ,شخصي,1,0,0,0,1,74,2,0,MDF,ايراني فرنگي,سنگ,1,0,0,1,کولر_آسانسور_پکیج,شخصي,تخلیه
آپارتمان,1404/02/09,حكیمیه سازمان آب,4,4,3,"6,500,000,000 تومان",15,تخلیه,سنگ,شخصي,0,1,0,0,2,89,2,1,MDF,ايراني فرنگي,سراميک,1,1,1,1,شوفاژ_کولر_آسانسور_گاز,شخصي,تخلیه
آپارتمان,1404/02/02,تهرانپارس خ 180.1,4,5,2,"13,000,000,000 تومان",1,مسکونی,سنگ,شخصي,0,1,0,0,2,95,2,1,MDF,ايراني فرنگي,سراميک,1,1,1,1,کولر_آسانسور_پکیج_گاز,شخصي,مسکونی
آپارتمان,1404/01/31,فرجام بالاتراز خ 45,4,4,3,"11,500,000,000 تومان",28,مسکونی,آجر,شخصي,1,0,0,0,4,98,2,1,MDF,ايراني فرنگي,پارکت,1,1,1,1,کولر_گاز,شخصي,مسکونی
آپارتمان,1404/01/30,خواجه عبدالله خ ابوذر شمالی,4,3,1,"9,700,000,000 تومان",18,مسکونی,سنگ,شخصي,0,1,0,0,1,97,2,1,MDF,ايرانی,سراميک,1,0,1,1,کولر_گاز,شخصي,مسکونی
آپارتمان,1404/02/09,جشنواره خ احسان بلوارگرمابدری,4,4,2,"3,500,000,000 تومان",7,تخلیه,سنگ,قولنامه اي,1,0,0,0,1,55,1,1,MDF,ايرانی,سراميک,1,0,1,0,کولر_پکیج_گاز,قولنامه اي,تخلیه
آپارتمان,1404/02/02,لویزان شیان 3,4,4,4,"16,200,000,000 تومان",22,اجاره,سنگ,شخصي,0,0,1,1,1,114,2,1,MDF,فرنگی,پارکت,1,1,1,0,شوفاژ_کولر_آسانسور,شخصي,اجاره
آپارتمان,1404/01/30,هروی خ ساقدوش,4,9,3,"25,000,000,000 تومان",10,مسکونی,سنگ,شخصي,1,0,0,0,7,135,3,1,MDF,ايراني فرنگي,سنگ,1,1,1,1,شوفاژ_کولر_آسانسور_حیاط,شخصي,مسکونی
آپارتمان,1404/02/07,دلاوران تكاوران,4,5,2,"7,275,000,000 تومان",4,مسکونی,سنگ,شخصي,1,0,0,0,2,97,2,1,MDF,ايراني فرنگي,سراميک,1,1,1,1,شوفاژ_کولر_آسانسور_گاز,شخصي,مسکونی
آپارتمان,1404/02/02,تهران پارس فلكه 1 خ 146,4,5,2,"9,500,000,000 تومان",20,مسکونی,سنگ,شخصي,1,0,0,0,5,85,2,1,MDF,ايراني فرنگي,سراميک,1,0,1,1,شوفاژ_کولر_آسانسور_گاز,شخصي,مسکونی
آپارتمان,1404/01/31,مجیدیه شمالی خ استاد حسن بنا,4,4,1,"6,000,000,000 تومان",13,اجاره,تراورتن,شخصي,0,1,0,0,4,70,2,1,MDF,ايرانی,سراميک,1,0,1,1,شوفاژ_کولر_گاز,شخصي,اجاره
آپارتمان,1404/02/10,تهرانپارس خ 178 شرقی,4,4,3,"5,200,000,000 تومان",19,مسکونی,سنگ,شخصي,0,1,0,0,4,66,2,1,MDF,ايراني فرنگي,سراميک,1,1,1,1,کولر_گاز,شخصي,مسکونی
آپارتمان,1404/02/06,خواجه عبدالله خ هشتم,4,4,2,"13,500,000,000 تومان",نوساز,تخلیه,سنگ,شخصي,0,1,0,0,3,56,1,1,MDF,ايراني فرنگي,سراميک,1,1,1,1,شوفاژ_کولر_آسانسور_پکیج_گاز,شخصي,تخلیه
آپارتمان,1404/02/09,هنگام شمیران نو,4,4,1,"2,900,000,000 تومان",17,مسکونی,سنگ,قولنامه اي,0,1,0,0,2,75,1,1,MDF,ايرانی,موزائيک,1,0,1,0,کولر_گاز,قولنامه اي,مسکونی
آپارتمان,1404/02/03,تهرانپارس شهرك پارس,4,8,2,"15,700,000,000 تومان",12,مسکونی,سنگ,شخصي,0,1,0,0,2,130,3,1,چوبي,ايراني فرنگي,پارکت,1,1,1,1,کولر_آسانسور_پکیج_گاز,شخصي,مسکونی
آپارتمان,1404/02/06,فرجام میدان 100,4,5,4,"7,200,000,000 تومان",8,اجاره,سنگ,شخصي,0,0,0,1,4,60,2,1,MDF,ايراني فرنگي,سراميک,1,1,1,1,شوفاژ_کولر_آسانسور_پکیج_گاز,شخصي,اجاره
آپارتمان,1404/02/06,تهرانپارس خ توحید,4,4,2,"4,900,000,000 تومان",30,تخلیه,سنگ,شخصي,1,0,0,1,زیرهمكف,58,2,1,MDF,ايرانی,سراميک,1,0,0,0,کولر_گاز,شخصي,تخلیه
آپارتمان,1404/02/08,تهرانپارس بلواراردیبهشت,4,5,3,"6,480,000,000 تومان",15,اجاره,سنگ,شخصي,0,1,0,0,4,54,2,1,MDF,ايراني فرنگي,سراميک,1,0,1,1,شوفاژ_کولر_آسانسور_گاز,شخصي,اجاره
آپارتمان,1404/02/11,تهرانپارس بلوار پروین خ 222,4,4,---,"4,500,000,000 تومان",26,تخلیه,سنگ,شخصي,1,0,0,0,4,66,1,1,MDF,ايرانی,سراميک,1,1,1,0,کولر_گاز,شخصي,تخلیه
آپارتمان,1404/01/30,تهرانپارس خ رشید جنوبی,4,5,2,"17,000,000,000 تومان",20,مسکونی,سنگ,شخصي,0,1,0,0,2,135,3,1,MDF,ايراني فرنگي,سنگ,1,1,1,1,شوفاژ_کولر_آسانسور_گاز,شخصي,مسکونی
آپارتمان,1404/02/01,تهرانپارس خ 156شرقی,4,5,2,"18,290,000,000 تومان",1,مسکونی,سنگ,شخصي,1,0,0,0,3,118,2,1,نا مشخص,ايراني فرنگي,سنگ,1,1,1,1,کولر_آسانسور_گاز,شخصي,مسکونی
آپارتمان,1404/02/08,تهرانپارس غربی بهار,4,3,2,"4,960,000,000 تومان",30,اجاره,سنگ,شخصي,1,0,0,0,3,62,1,2,MDF,ايرانی,پارکت,1,0,1,1,شوفاژ_کولر_گاز,شخصي,اجاره
آپارتمان,1404/02/02,تهرانپارس خ تیرانداز,4,4,1,"6,300,000,000 تومان",20,تخلیه,سنگ,شخصي,1,0,0,0,3,70,2,1,MDF,ايرانی,سنگ,1,1,1,1,کولر_پکیج,شخصي,تخلیه
آپارتمان,1404/02/08,اتوبان بابایی شهرك بهشتی,4,20,12,"9,000,000,000 تومان",نوساز,تخلیه,سيمان,تعاوني,0,1,0,0,8,97,2,1,MDF,ايرانی,سراميک,0,1,1,1,شوفاژ_کولر_آسانسور_گاز,تعاوني,تخلیه
آپارتمان,1404/01/31,تهرانپارس خ 198غربی,4,4,2,"6,000,000,000 تومان",17,مسکونی,سنگ,شخصي,1,0,0,0,4,63,2,1,MDF,ايراني فرنگي,سراميک,0,1,1,0,شوفاژ_کولر_گاز,شخصي,مسکونی
آپارتمان,1404/02/08,جشنواره خ درختی,4,3,2,"7,000,000,000 تومان",27,مسکونی,سنگ,شخصي,0,1,0,0,3,77,2,1,MDF,ايرانی,سراميک,1,1,1,1,کولر_گاز,شخصي,مسکونی
آپارتمان,1404/02/11,تهرانپارس خ 222,4,4,2,"7,700,000,000 تومان",20,تخلیه,آجر سه سانت,شخصي,0,1,0,0,1,78,2,1,MDF,ايرانی,پارکت,1,0,1,0,شوفاژ_کولر_آسانسور,شخصي,تخلیه
آپارتمان,1404/02/01,تهرانپارس خ 206 غربی,4,5,2,"12,900,000,000 تومان",18,تخلیه,سنگ,شخصي,0,1,0,0,5,115,3,1,هایگلاس,ايراني فرنگي,سنگ,1,1,1,1,شوفاژ_کولر_آسانسور,شخصي,تخلیه
آپارتمان,1404/02/06,فرجام غربی بالاتر از چهارراه ولیعصر,4,5,3,"4,770,000,000 تومان",18,اجاره,سنگ,شخصي,1,0,0,0,2,48,1,1,MDF,ايرانی,سراميک,1,0,1,1,شوفاژ_کولر_آسانسور_گاز,شخصي,اجاره
آپارتمان,1404/01/30,اتوبان بابایی شهرك البرز,4,13,8,"8,900,000,000 تومان",8,مسکونی,سنگ,تعاوني,1,0,0,0,3,98,2,1,MDF,ايراني فرنگي,سنگ,1,1,1,1,شوفاژ_کولر_آسانسور_گاز,تعاوني,مسکونی
آپارتمان,1404/02/07,تهرانپارس خ استخر خ سازمان گوشت,4,3,1,"3,300,000,000 تومان",10,مسکونی,سنگ,شخصي,0,1,0,0,3,40,1,1,MDF,ايرانی,سراميک,1,1,1,0,کولر_گاز,شخصي,مسکونی
آپارتمان,1404/02/09,هروی خ وفامنش,4,11,7,"33,000,000,000 تومان",6,مسکونی,سنگ,شخصي,1,0,0,0,7,154,3,1,MDF,ايراني فرنگي,سنگ,1,1,1,1,شوفاژ_کولر_آسانسور_گاز,شخصي,مسکونی
آپارتمان,1404/02/10,هنگام شمیران نو,4,4,1,"5,330,000,000 تومان",7,مسکونی,سنگ,قولنامه اي,1,0,0,0,1,82,2,1,MDF,ايراني فرنگي,سراميک,1,0,1,1,شوفاژ_کولر_آسانسور_پکیج_گاز,قولنامه اي,مسکونی
آپارتمان,1404/02/09,لویزان شیان,4,9,3,"31,000,000,000 تومان",10,تخلیه,ترکیبی,شخصي,1,0,0,0,3,180,3,1,MDF,ايراني فرنگي,سراميک,1,1,1,1,شوفاژ_کولر_آسانسور_گاز,شخصي,تخلیه
آپارتمان,1404/02/07,مجیدیه شمالی خ استاد حسن بنا,4,5,2,"8,100,000,000 تومان",12,اجاره,سنگ,شخصي,1,0,0,0,5,90,2,1,MDF,ايراني فرنگي,سنگ,1,0,1,0,شوفاژ_کولر_آسانسور_گاز,شخصي,اجاره
آپارتمان,1404/02/02,تهرانپارس خ 166غربی,4,4,2,"8,000,000,000 تومان",23,مسکونی,سنگ,شخصي,0,1,0,0,2,80,2,1,MDF,ايراني فرنگي,سراميک,1,0,1,1,شوفاژ_کولر_گاز,شخصي,مسکونی
آپارتمان,1404/02/01,تهرانپارس بلوار پروین شهرك شاهد,4,5,2,"5,000,000,000 تومان",23,مسکونی,آجر سه سانت,مشاع,0,1,0,0,4,75,2,1,MDF,ايراني فرنگي,سراميک,1,0,1,1,شوفاژ_کولر_گاز,مشاع,مسکونی
آپارتمان,1404/01/30,جشنواره خ زهدی,4,4,1,"5,100,000,000 تومان",14,مسکونی,سنگ,منگوله دار,1,0,0,0,4,78,2,1,MDF,ايرانی,سراميک,1,0,1,1,شوفاژ_کولر_پکیج,منگوله دار,مسکونی
آپارتمان,1404/01/30,شمس اباد بالاتراز میدان شریفی,4,5,1,"28,500,000,000 تومان",نوساز,مسکونی,سنگ,شخصي,1,0,0,0,2,150,3,1,MDF,ايراني فرنگي,سراميک,1,1,1,0,شوفاژ_کولر_آسانسور,شخصي,مسکونی
آپارتمان,1404/01/28,تهرانپارس بلوار پروین خ شبستری,4,4,2,"5,600,000,000 تومان",19,مسکونی,سنگ,شخصي,0,1,0,0,4,75,2,1,نا مشخص,ايراني فرنگي,پارکت,1,1,1,0,کولر_گاز,شخصي,مسکونی
آپارتمان,1404/01/30,نیروی دریایی ك ناطقی,4,4,1,"7,360,000,000 تومان",15,اجاره,سنگ,شخصي,1,0,0,0,4,92,2,1,MDF,ايراني فرنگي,سراميک,1,0,1,1,شوفاژ_کولر_گاز,شخصي,اجاره
آپارتمان,1404/02/07,مجیدیه شمالی خ استاد حسن بنا,4,4,3,"16,950,000,000 تومان",1,اجاره,سنگ,شخصي,0,1,0,0,4,113,2,1,MDF,ايراني فرنگي,سراميک,1,1,1,0,شوفاژ_کولر_آسانسور_پکیج_گاز,شخصي,اجاره
آپارتمان,1404/02/11,تهرانپارس خ وفادارشرقی,4,3,1,"4,000,000,000 تومان",نوساز,تخلیه,سنگ,قولنامه اي,1,0,0,0,3,95,2,1,MDF,ايراني فرنگي,سراميک,1,0,1,1,شوفاژ_کولر_گاز,قولنامه اي,تخلیه
آپارتمان,1404/02/01,تهرانپارس خ 222 غربی,4,5,4,"8,950,000,000 تومان",16,تخلیه,گرانيت,شخصي,1,0,0,0,5,71,2,1,هایگلاس,ايراني فرنگي,سراميک,1,1,1,1,شوفاژ_کولر_آسانسور,شخصي,تخلیه
آپارتمان,1404/02/08,هنگام شمیران نو,4,4,1,"2,600,000,000 تومان",12,تخلیه,سنگ,شخصي,0,1,0,0,همكف,55,1,1,MDF,ايرانی,سراميک,1,0,0,0,کولر_گاز,شخصي,تخلیه
آپارتمان,1404/02/07,هروی خ افتخاریان,4,5,2,"56,350,000,000 تومان",نوساز,تخلیه,سنگ,شخصي,1,0,0,0,4,245,3,1,MDF,ايراني فرنگي,سنگ,1,1,1,1,کولر_آسانسور_پکیج,شخصي,تخلیه
آپارتمان,1404/02/02,تهرانپارس نرسیده به خ بهار,4,4,2,"9,000,000,000 تومان",22,اجاره,سنگ,شخصي,1,0,0,0,4,110,2,1,MDF,ايرانی,سراميک,1,1,1,1,شوفاژ_کولر_گاز,شخصي,اجاره
آپارتمان,1404/01/31,جشنواره چهارراه سیدالشهدا خ گودرزی,4,4,2,"4,300,000,000 تومان",19,مسکونی,سنگ,شخصي,1,0,0,0,همكف,60,1,1,چوبي,ايرانی,سراميک,1,0,1,0,کولر_گاز,شخصي,مسکونی
آپارتمان,1404/02/02,هنگام شمیران نو پنجم غربی,4,4,1,"3,700,000,000 تومان",15,تخلیه,سنگ,قولنامه اي,1,0,0,0,1,80,2,1,MDF,ايراني فرنگي,سراميک,1,0,0,1,کولر_گاز,قولنامه اي,تخلیه
آپارتمان,1404/02/08,حكیمیه خ سروستان,4,4,6,"8,300,000,000 تومان",15,مسکونی,سنگ,تعاوني,0,1,0,0,2,75,2,1,MDF,ايرانی,سراميک,1,1,1,1,شوفاژ_کولر_آسانسور_گاز,تعاوني,مسکونی
آپارتمان,1404/02/06,شمس آباد خ ریحانی شمالی,4,3,1,"16,500,000,000 تومان",29,تخلیه,سنگ,شخصي,1,0,0,0,3,115,2,1,MDF,ايراني فرنگي,پارکت,0,1,1,1,شوفاژ_کولر_گاز,شخصي,تخلیه
آپارتمان,1404/02/06,فرجام خ مظاهری,4,4,3,"13,560,000,000 تومان",نوساز,تخلیه,سنگ,شخصي,0,1,0,0,1,113,2,1,MDF,ايراني فرنگي,سراميک,1,1,1,1,شوفاژ_کولر_آسانسور_پکیج_گاز,شخصي,تخلیه
آپارتمان,1404/02/10,شمس اباد خ كاووسی,4,5,2,"9,500,000,000 تومان",21,مسکونی,سنگ,شخصي,1,0,0,0,5,100,2,1,MDF,ايراني فرنگي,سنگ,1,0,1,1,شوفاژ_کولر_آسانسور_گاز,شخصي,مسکونی
آپارتمان,1404/02/03,فرجام میدان 100,4,4,2,"7,500,000,000 تومان",20,اجاره,آجر سه سانت,شخصي,0,0,1,1,4,75,2,1,MDF,ايرانی,پارکت,1,0,1,1,شوفاژ_کولر_گاز,شخصي,اجاره
آپارتمان,1404/02/07,هنگام شمیران نو خ دوازدهم,4,4,1,"2,100,000,000 تومان",12,مسکونی,سنگ,قولنامه اي,1,0,0,0,3,45,1,1,فلزي,ايرانی,سنگ,1,0,1,0,کولر_گاز,قولنامه اي,مسکونی
آپارتمان,1404/02/06,حكیمیه بلوار فجر,4,5,2,"10,100,000,000 تومان",3,اجاره,سنگ,شخصي,0,1,0,0,1,101,2,1,هایگلاس,ايراني فرنگي,سراميک,1,1,1,0,شوفاژ_کولر_آسانسور_پکیج_گاز,شخصي,اجاره
آپارتمان,1404/02/06,تهرانپارس خ 188غربی,4,4,2,"11,500,000,000 تومان",25,مسکونی,سنگ,شخصي,1,0,0,0,3,116,2,1,MDF,ايراني فرنگي,سراميک,1,1,1,1,شوفاژ_کولر_گاز,شخصي,مسکونی
آپارتمان,1404/01/31,حكیمیه بلوارباباییان,4,7,9,"9,000,000,000 تومان",نوساز,اجاره,سنگ,شخصي,1,0,0,0,7,86,2,1,MDF,ايراني فرنگي,سراميک,1,1,1,1,کولر_آسانسور_پکیج_گاز,شخصي,اجاره
آپارتمان,1404/02/07,تهرانپارس 196 غربی بین باقری و عادل,4,4,2,"7,100,000,000 تومان",19,تخلیه,سنگ,شخصي,0,1,0,0,1,59,1,1,MDF,ايراني فرنگي,سراميک,1,1,1,1,شوفاژ_کولر_پکیج_گاز,شخصي,تخلیه
آپارتمان,1404/01/30,تهرانپارس بلوار پروین خ 135,4,4,4,"2,950,000,000 تومان",25,اجاره,سنگ,شخصي,0,1,0,0,4,47,1,1,MDF,ايرانی,سراميک,1,0,1,0,کولر_گاز,شخصي,اجاره
آپارتمان,1404/02/07,جشنواره خ درختی,4,4,4,"3,200,000,000 تومان",19,تخلیه,سنگ,شخصي,0,1,0,0,همكف,42,1,1,MDF,ايرانی,سراميک,1,0,1,1,شوفاژ_کولر_پکیج_گاز,شخصي,تخلیه
آپارتمان,1404/02/08,مجیدیه شمالی خ كمالی,4,4,1,"6,500,000,000 تومان",19,مسکونی,آجر,شخصي,1,1,0,0,3,82,2,1,MDF,ايراني فرنگي,سراميک,1,0,1,1,شوفاژ_کولر_گاز,شخصي,مسکونی
آپارتمان,1404/02/01,تهرانپارس بلوار پروین خ 182,4,4,2,"6,000,000,000 تومان",24,مسکونی,سنگ,شخصي,1,0,0,0,3,82,2,1,MDF,ايرانی,پارکت,1,0,1,1,شوفاژ_کولر,شخصي,مسکونی
آپارتمان,1404/02/07,هنگام شمیران نو,4,3,2,"1,750,000,000 تومان",30,تخلیه,سنگ,قولنامه اي,0,1,0,0,2,45,0,1,MDF,ايرانی,سراميک,1,0,1,0,کولر_گاز,قولنامه اي,تخلیه
آپارتمان,1404/01/30,هنگام شمیران نو خ الیاسی,4,3,1,"2,400,000,000 تومان",10,مسکونی,سنگ,قولنامه اي,0,1,0,0,2,50,1,1,MDF,ايرانی,سراميک,1,0,0,0,کولر_گاز,قولنامه اي,مسکونی
آپارتمان,1404/01/28,تهرانپارس بین تیرانداز و پارسیان,4,5,1,"22,876,000,000 تومان",6,مسکونی,سنگ,شخصي,0,1,0,0,1,172,3,1,MDF,ايراني فرنگي,سنگ,1,1,1,1,شوفاژ_کولر_آسانسور_پکیج_گاز,شخصي,مسکونی
آپارتمان,1404/02/10,شمس آباد میدان بهشتی,4,4,---,"10,440,000,000 تومان",22,تخلیه,سنگ,شخصي,0,1,0,0,1,87,2,1,MDF,ايراني فرنگي,سراميک,1,1,1,1,شوفاژ_کولر_گاز,شخصي,تخلیه
آپارتمان,1404/01/31,تهرانپارس بلوار پروین خ 196 شرقی خ 137,4,4,2,"4,850,000,000 تومان",7,تخلیه,سنگ,شخصي,1,0,0,0,1,59,2,1,MDF,ايرانی,سراميک,1,0,1,0,شوفاژ_کولر_آسانسور_پکیج_گاز,شخصي,تخلیه
آپارتمان,1404/01/31,مجیدیه شمالی خ برادران محمودی,4,5,4,"10,500,000,000 تومان",9,مسکونی,سنگ,شخصي,1,0,0,0,2,98,2,1,MDF,ايراني فرنگي,پارکت,1,1,1,1,شوفاژ_کولر_آسانسور_گاز,شخصي,مسکونی
آپارتمان,1404/02/02,تهرانپارس خ ملكی,4,6,2,"21,170,000,000 تومان",4,مسکونی,مسکوني,2 پاركینگ,0,1,0,0,6,146,3,1,چوبي,ايراني فرنگي,نا مشخص,1,1,1,1,شوفاژ_کولر_آسانسور_گاز,مسکوني,مسکونی
آپارتمان,1404/01/31,حكیمیه خ سازمان آب,4,6,4,"6,200,000,000 تومان",20,تخلیه,سنگ,شخصي,0,1,0,0,4,88,2,1,MDF,ايراني فرنگي,سراميک,1,1,1,1,شوفاژ_کولر_آسانسور_پکیج_گاز,شخصي,تخلیه
آپارتمان,1404/01/30,اتوبان بابایی شهرك شهید بهشتی,4,9,7,"5,000,000,000 تومان",11,تخلیه,سنگ,تعاوني,0,1,0,0,9,60,1,1,MDF,ايراني فرنگي,پارکت,1,0,1,1,شوفاژ_کولر_آسانسور_گاز,تعاوني,تخلیه
آپارتمان,1404/01/31,مجیدیه شمالی خ استاد حسن بنا,4,5,2,"10,530,000,000 تومان",نوساز,تخلیه,سنگ,شخصي,1,0,0,0,2,90,2,1,هایگلاس,ايراني فرنگي,سنگ,1,1,1,1,کولر_آسانسور_گاز,شخصي,تخلیه
آپارتمان,1404/02/08,تهرانپارس بلوار پروین خ 186,4,4,2,"8,050,000,000 تومان",25,مسکونی,آجر,مسکوني,0,1,0,0,1,115,3,1,MDF,ايرانی,سراميک,1,1,1,1,شوفاژ_کولر_گاز,مسکوني,مسکونی
آپارتمان,1404/02/01,فرجام چهارراه ولیعصر,4,4,2,"11,000,000,000 تومان",30,اجاره,سنگ,شخصي,1,0,0,0,4,116,2,1,چوبي,ايرانی,سنگ,1,1,1,0,شوفاژ_کولر_گاز,شخصي,اجاره
آپارتمان,1404/01/31,هروی حسین آباد,4,11,3,"28,130,000,000 تومان",نوساز,تخلیه,سنگ,شخصي,1,0,0,0,11,194,3,1,MDF,ايراني فرنگي,سراميک,1,1,1,1,کولر_آسانسور_پکیج,شخصي,تخلیه
آپارتمان,1404/02/03,فرجام غربی خ عبادی,4,5,2,"13,000,000,000 تومان",2,اجاره,سنگ,شخصي,1,0,0,0,2,130,3,1,MDF,ايراني فرنگي,پارکت,1,1,1,1,شوفاژ_کولر_آسانسور_پکیج_گاز,شخصي,اجاره
آپارتمان,1404/02/07,جشنواره خ امین,4,4,2,"3,700,000,000 تومان",14,تخلیه,سنگ,شخصي,0,1,0,0,3,60,2,1,MDF,ايراني فرنگي,سراميک,1,0,1,1,شوفاژ_کولر_گاز,شخصي,تخلیه
آپارتمان,1404/01/30,حكیمیه بلوار بهار,4,6,5,"8,000,000,000 تومان",13,تخلیه,سنگ,قولنامه اي,1,0,0,0,2,110,3,1,MDF,ايرانی,سراميک,1,1,1,1,شوفاژ_کولر_آسانسور_پکیج_گاز,قولنامه اي,تخلیه
آپارتمان,1404/02/07,شمس آباد خ هدایتی,4,4,2,"8,700,000,000 تومان",13,مسکونی,سنگ,شخصي,0,1,0,0,2,76,2,1,MDF,ايراني فرنگي,سراميک,1,1,1,1,شوفاژ_کولر_آسانسور_پکیج_گاز,شخصي,مسکونی
آپارتمان,1404/02/07,تهرانپارس خ استخر,4,8,6,"12,750,000,000 تومان",2,تخلیه,سنگ,شخصي,1,0,0,0,4,106,2,1,MDF,ايراني فرنگي,سراميک,1,1,1,0,شوفاژ_کولر_آسانسور_پکیج_گاز,شخصي,تخلیه
آپارتمان,1404/02/02,اتوبان بابایی شهرك شهپریان,4,10,8,"9,000,000,000 تومان",7,مسکونی,سيمان,تعاوني,1,0,0,0,1,90,2,1,هایگلاس,ايراني فرنگي,سنگ,0,1,1,1,کولر_آسانسور_پکیج,تعاوني,مسکونی
آپارتمان,1404/02/08,تهرانپارس خ 210 شرقی,4,4,2,"8,000,000,000 تومان",26,اجاره,سنگ,شخصي,1,0,0,0,4,91,2,1,MDF,ايرانی,سراميک,1,0,1,1,شوفاژ_کولر_گاز,شخصي,اجاره
آپارتمان,1404/02/06,جشنواره خ زهدی,4,5,4,"6,490,000,000 تومان",7,تخلیه,سنگ,شخصي,1,0,0,0,4,84,2,1,MDF,ايراني فرنگي,پارکت,1,1,1,0,شوفاژ_کولر_آسانسور_پکیج_گاز,شخصي,تخلیه
آپارتمان,1404/02/03,جشنواره خ احسان,4,5,2,"8,200,000,000 تومان",2,مسکونی,سنگ,شخصي,1,0,0,0,1,100,2,0,هایگلاس,ايراني فرنگي,سراميک,1,1,1,1,کولر_آسانسور_پکیج,شخصي,مسکونی
آپارتمان,1404/02/09,تهرانپارس خ 148 شرقی,4,5,1,"16,000,000,000 تومان",18,مسکونی,سنگ,شخصي,1,0,0,0,2,143,3,1,MDF,ايراني فرنگي,سنگ,1,1,1,1,کولر_آسانسور_پکیج_گاز,شخصي,مسکونی
آپارتمان,1404/02/03,هنگام شمیران نو ك حاجی بیگی,4,3,2,"4,000,000,000 تومان",21,تخلیه,آجر,قولنامه اي,0,1,0,0,2,100,2,1,MDF,ايرانی,سراميک,1,0,0,1,کولر_گاز,قولنامه اي,تخلیه
آپارتمان,1404/02/02,هروی خ مكران جنوبی,4,5,3,"10,500,000,000 تومان",3,مسکونی,سنگ,شخصي,1,0,0,0,1,70,2,1,MDF,ايراني فرنگي,سراميک,1,1,1,0,شوفاژ_کولر_آسانسور_گاز,شخصي,مسکونی
آپارتمان,1404/02/02,میدان رسالت خ رفیعی,4,5,2,"7,475,000,000 تومان",نوساز,مسکونی,سنگ,مسکوني,1,0,0,0,1,65,1,1,MDF,ايراني فرنگي,سنگ,1,1,1,1,شوفاژ_کولر_آسانسور_گاز,مسکوني,مسکونی
آپارتمان,1404/02/03,تهرانپارس بلوار پروین خ 182,4,4,2,"2,700,000,000 تومان",نوساز,مسکونی,سنگ,قولنامه اي,0,1,0,0,2,40,1,2,MDF,ايرانی,سراميک,1,0,1,1,شوفاژ_کولر_آسانسور_پکیج_گاز,قولنامه اي,مسکونی
آپارتمان,1404/02/02,مجیدیه شمالی 16 متری اول,4,5,1,"4,000,000,000 تومان",22,اجاره,سنگ,شخصي,0,1,0,0,زیرهمكف,54,1,1,MDF,ايرانی,سراميک,1,0,1,0,کولر_حیاط_گاز,شخصي,اجاره
آپارتمان,1404/02/03,تهرانپارس بلوار پروین ك ارفاقی,4,5,1,"3,500,000,000 تومان",3,تخلیه,سنگ,قولنامه اي,1,0,0,0,4,60,1,1,MDF,ايرانی,سراميک,1,0,1,0,کولر_آسانسور_گاز,قولنامه اي,تخلیه
آپارتمان,1404/02/01,تهرانپارس خ 138 غربی,4,5,2,"9,000,000,000 تومان",23,مسکونی,سنگ,شخصي,1,0,0,0,1,90,2,1,MDF,ايراني فرنگي,سراميک,1,0,1,1,شوفاژ_کولر_آسانسور_گاز,شخصي,مسکونی
آپارتمان,1404/01/30,تهرانپارس خ استخر,4,4,3,"6,000,000,000 تومان",18,اجاره,سنگ,شخصي,1,0,0,0,1,68,2,1,MDF,ايرانی,سراميک,1,1,1,1,شوفاژ_کولر_آسانسور_گاز,شخصي,اجاره
آپارتمان,1404/02/03,تهرانپارس بلوار پروین خ جعفری,4,6,4,"11,000,000,000 تومان",1,اجاره,سنگ,شخصي,0,1,0,0,6,98,2,1,MDF,ايراني فرنگي,سنگ,1,1,1,1,شوفاژ_کولر_آسانسور_گاز,شخصي,اجاره
آپارتمان,1404/02/08,جشنواره خ جعفرپناه,4,5,4,"9,960,000,000 تومان",10,مسکونی,سنگ,شخصي,0,1,0,0,2,83,2,1,سنگ,ايراني فرنگي,سراميک,1,1,1,0,شوفاژ_کولر_آسانسور_گاز,شخصي,مسکونی
آپارتمان,1404/02/03,تهرانپارس بین فلكه دوم و سوم خ 186,4,5,1,"34,680,000,000 تومان",2,مسکونی,سنگ,شخصي,0,1,0,0,1,204,3,1,MDF,ايراني فرنگي,سنگ,1,1,1,1,شوفاژ_کولر_آسانسور_گاز,شخصي,مسکونی
آپارتمان,1404/02/01,تهران پارس خ رشید,4,4,1,"10,000,000,000 تومان",25,مسکونی,سنگ,شخصي,0,1,0,0,1,100,2,1,MDF,ايراني فرنگي,سراميک,1,1,1,1,شوفاژ_کولر_گاز,شخصي,مسکونی
آپارتمان,1404/01/31,شمس آباد خ ریحانی,4,4,2,"6,800,000,000 تومان",23,مسکونی,سنگ,شخصي,1,0,0,0,4,67,1,1,MDF,ايراني فرنگي,سنگ,1,1,1,0,شوفاژ_کولر_پکیج_گاز,شخصي,مسکونی
آپارتمان,1404/02/01,هروی حسین آباد,4,11,2,"43,200,000,000 تومان",نوساز,تخلیه,سنگ,شخصي,1,1,0,0,11,216,3,1,MDF,ايراني فرنگي,سنگ,1,1,1,1,کولر_آسانسور_پکیج,شخصي,تخلیه
آپارتمان,1404/01/30,مجیدیه شمالی نرسیده به ك شاكری,4,4,3,"5,950,000,000 تومان",21,مسکونی,سنگ,شخصي,1,0,0,0,4,70,2,2,MDF,ايراني فرنگي,سراميک,1,0,1,0,شوفاژ_کولر_گاز,شخصي,مسکونی
آپارتمان,1404/01/28,سراج خ سروش,4,5,4,"6,375,000,000 تومان",9,مسکونی,سنگ,شخصي,0,1,0,0,3,75,2,1,MDF,ايراني فرنگي,سراميک,1,1,1,0,شوفاژ_کولر_آسانسور_گاز,شخصي,مسکونی
آپارتمان,1404/02/08,جشنواره خ درختی,4,4,4,"4,600,000,000 تومان",20,مسکونی,سنگ,شخصي,0,1,0,0,همكف,62,1,1,MDF,ايرانی,سراميک,1,1,1,0,کولر_گاز,شخصي,مسکونی
آپارتمان,1404/02/09,بنی هاشم خ پرتویی,4,4,1,"10,500,000,000 تومان",نوساز,تخلیه,سنگ,شخصي,0,0,0,1,1,75,2,1,MDF,ايراني فرنگي,سراميک,1,0,1,1,کولر_آسانسور_پاسیو_پکیج_گاز,شخصي,تخلیه
آپارتمان,1404/02/02,تهرانپارس سه راه,4,5,2,"5,400,000,000 تومان",14,اجاره,سنگ,شخصي,0,1,0,0,5,60,1,1,MDF,ايراني فرنگي,سراميک,1,1,1,1,شوفاژ_کولر_آسانسور_گاز,شخصي,اجاره
آپارتمان,1404/02/10,دلاوران خ تكاوران,4,4,1,"7,000,000,000 تومان",29,تخلیه,آجر,شخصي,1,0,0,0,زیرهمكف,100,3,1,MDF,ايراني فرنگي,سراميک,1,0,1,1,شوفاژ_کولر_گاز,شخصي,تخلیه
آپارتمان,1404/02/02,دلاوران خ تكاوران,4,4,2,"3,500,000,000 تومان",20,مسکونی,سنگ,شخصي,1,0,0,0,4,55,1,1,MDF,ايرانی,سراميک,0,0,1,0,کولر_گاز,شخصي,مسکونی
آپارتمان,1404/01/31,تهرانپارس بین فلكه سوم وچهارم خ 216,4,4,3,"7,100,000,000 تومان",17,اجاره,آجر سه سانت,منگوله دار,1,0,0,0,3,71,2,1,هایگلاس,ايرانی,سراميک,0,0,1,1,شوفاژ_کولر,منگوله دار,اجاره
آپارتمان,1404/01/28,جشنواره خ احسان خ 13,4,4,1,"2,300,000,000 تومان",7,مسکونی,سنگ,قولنامه اي,0,1,0,0,2,45,1,1,MDF,ايرانی,سراميک,1,0,1,0,کولر_گاز,قولنامه اي,مسکونی
آپارتمان,1404/02/01,فرجام غربی بلوار طباطبایی نسب,4,5,3,"7,110,000,000 تومان",22,مسکونی,سنگ,شخصي,1,0,0,0,3,79,2,1,MDF,ايراني فرنگي,لامنيت,1,1,1,0,شوفاژ_کولر_آسانسور_گاز,شخصي,مسکونی
آپارتمان,1404/01/30,شمس اباد خ ریحانی,4,8,2,"11,300,000,000 تومان",18,اجاره,سنگ,شخصي,1,0,0,0,4,97,2,1,MDF,ايرانی,سنگ,1,0,1,1,شوفاژ_کولر_آسانسور_گاز,شخصي,اجاره
آپارتمان,1404/01/28,هروی حسین اباد,4,5,2,"35,070,000,000 تومان",نوساز,تخلیه,سنگ,شخصي,1,0,0,0,1,167,3,0,MDF,ايراني فرنگي,سنگ,1,1,1,0,شوفاژ_کولر_آسانسور,شخصي,تخلیه
آپارتمان,1404/02/06,حكیمیه خ یاس,4,3,1,"7,000,000,000 تومان",200,30,تخلیه,سنگ,1,0,0,0,2,66,1,1,MDF,ايرانی,سراميک,1,0,0,1,شوفاژ_کولر_گاز,شخصي,تخلیه
آپارتمان,1404/01/30,جشنواره خ زهدی,4,5,2,"3,600,000,000 تومان",نوساز,مسکونی,سنگ,قولنامه اي,1,1,0,0,5,75,2,1,MDF,ايرانی,سراميک,1,0,1,0,کولر_آسانسور_گاز,قولنامه اي,مسکونی
آپارتمان,1404/01/28,قنات كوثر نرسیده به ك مقدم,4,5,2,"13,500,000,000 تومان",9,تخلیه,سنگ,شخصي,0,1,0,0,5,90,2,1,MDF,ايراني فرنگي,سراميک,1,1,1,1,کولر_آسانسور_گاز,شخصي,تخلیه
آپارتمان,1404/02/08,میدان رسالت خ سلمان طرقی,4,5,4,"9,900,000,000 تومان",1,تخلیه,سنگ,شخصي,0,1,0,0,5,85,2,1,MDF,ايراني فرنگي,سراميک,1,1,1,1,کولر_آسانسور_پکیج_گاز,شخصي,تخلیه
آپارتمان,1404/02/07,فرجام غربی خ برادران باقری,4,4,1,"6,500,000,000 تومان",15,مسکونی,گرانيت,شخصي,0,1,0,0,3,81,2,1,MDF,ايراني فرنگي,پارکت,0,0,0,0,شوفاژ_کولر_گاز,شخصي,مسکونی
آپارتمان,1404/01/30,لویزان خ فراستی,4,3,1,"15,000,000,000 تومان",23,اجاره,شخصي,,1,0,0,0,3,118,2,1,MDF,ايراني فرنگي,سنگ,1,1,1,1,شوفاژ_کولر_گاز,شخصي,اجاره
آپارتمان,1404/02/01,تهران پارس بلوار پروین ك كیهانی,4,5,2,"7,200,000,000 تومان",17,مسکونی,سنگ,شخصي,1,0,0,0,1,85,2,1,MDF,ايرانی,سراميک,1,0,1,0,کولر_آسانسور_حیاط خلوت_گاز,شخصي,مسکونی
آپارتمان,1404/02/03,تهرانپارس غربی بلوار شاهد خ شیرود,4,5,4,"6,000,000,000 تومان",13,تخلیه,سنگ,شخصي,0,1,0,0,2,69,1,1,MDF,ايراني فرنگي,سراميک,1,1,1,1,شوفاژ_کولر_آسانسور,شخصي,تخلیه
آپارتمان,1404/02/02,فرجام خ حیدرخانی,4,3,4,"10,000,000,000 تومان",نوساز,تخلیه,سنگ,شخصي,0,1,0,0,3,100,2,1,MDF,ايرانی,سراميک,1,1,1,0,شوفاژ_کولر_گاز,شخصي,تخلیه
آپارتمان,1404/01/31,خواجه عبدالله نرسیده به خ 13,4,4,1,"23,500,000,000 تومان",نوساز,تخلیه,سنگ,شخصي,1,0,0,0,3,118,2,1,MDF,ايراني فرنگي,سنگ,1,1,1,0,شوفاژ_کولر_آسانسور_پکیج_گاز,شخصي,تخلیه
آپارتمان,1404/02/09,هنگام شمیران نو خ هشتم,4,4,1,"2,750,000,000 تومان",20,مسکونی,سنگ,قولنامه اي,0,0,1,0,4,55,2,1,MDF,ايرانی,سراميک,1,0,1,0,کولر_گاز,قولنامه اي,مسکونی
آپارتمان,1404/01/30,مجیدیه شمالی خ استاد حسن بنا,4,4,2,"5,880,000,000 تومان",نوساز,تخلیه,سنگ,شخصي,0,1,0,0,3,42,1,1,MDF,ايرانی,سنگ,1,0,0,0,شوفاژ_کولر_آسانسور_پکیج_گاز,شخصي,تخلیه
آپارتمان,1404/02/08,اتوبان بابایی شهرك شهید بهشتی,4,19,4,"10,000,000,000 تومان",نوساز,تخلیه,سيمان,تعاوني,1,0,0,0,10,97,2,0,MDF,ايراني فرنگي,سنگ,0,1,1,1,آسانسور,تعاوني,تخلیه
آپارتمان,1404/02/06,شمس آباد بلوار بیژن,4,5,2,"10,780,000,000 تومان",13,مسکونی,سنگ,شخصي,1,1,0,0,2,98,2,1,MDF,ايراني فرنگي,سراميک,1,1,1,0,شوفاژ_کولر_آسانسور_گاز,شخصي,مسکونی
آپارتمان,1404/02/07,شمس آباد بلوار بیژن,4,4,2,"13,000,000,000 تومان",400,22,تخلیه,سنگ,1,0,0,0,4,130,2,1,MDF,ايراني فرنگي,پارکت,1,1,1,1,شوفاژ_کولر_گاز,شخصي,تخلیه
آپارتمان,1404/01/31,فرجام غربی میدان 13,4,3,1,"5,850,000,000 تومان",30,مسکونی,سنگ,شخصي,1,1,0,0,3,65,1,1,MDF,ايراني فرنگي,پارکت,1,0,1,0,شوفاژ_کولر_گاز,شخصي,مسکونی
آپارتمان,1404/01/31,قنات كوثر بلوار مطهری,4,4,2,"6,500,000,000 تومان",20,مسکونی,سنگ,شخصي,0,1,0,0,4,91,2,1,MDF,ايرانی,پارکت,1,0,1,1,شوفاژ_کولر_گاز,شخصي,مسکونی
آپارتمان,1404/02/10,تهرانپارس خ 198,4,4,2,"5,000,000,000 تومان",18,اجاره,سنگ,شخصي,0,1,0,0,3,76,2,1,MDF,ايرانی,سراميک,1,0,1,1,شوفاژ_کولر,شخصي,اجاره
آپارتمان,1404/02/07,قنات كوثر كوچه سوم,4,4,3,"7,400,000,000 تومان",19,مسکونی,سنگ,شخصي,1,0,0,0,3,97,2,1,MDF,ايراني فرنگي,سراميک,1,1,1,0,شوفاژ_کولر,شخصي,مسکونی
آپارتمان,1404/02/06,شمس اباد خ منصوری,4,5,2,"8,000,000,000 تومان",20,اجاره,سنگ,شخصي,0,1,0,0,1,83,2,1,MDF,ايراني فرنگي,سراميک,1,0,1,1,شوفاژ_کولر_آسانسور_گاز,شخصي,اجاره
آپارتمان,1404/02/09,تهرانپارس خ استخر,4,3,1,"4,900,000,000 تومان",15,اجاره,تراورتن,شخصي,1,0,0,0,3,75,2,1,MDF,ايراني فرنگي,سراميک,1,0,0,0,شوفاژ_کولر,شخصي,اجاره
آپارتمان,1404/02/10,جشنواره خ زهدی,4,12,8,"5,000,000,000 تومان",10,اجاره,سنگ,شخصي,0,1,0,0,7,70,2,1,MDF,ايراني فرنگي,سراميک,1,1,1,1,شوفاژ_کولر_آسانسور_گاز,شخصي,اجاره
آپارتمان,1404/02/03,تهرانپارس بلوارپروین خ 216,4,4,2,"4,500,000,000 تومان",24,مسکونی,سنگ,شخصي,0,1,0,0,2,61,2,1,MDF,ايرانی,سراميک,1,0,0,1,کولر_گاز,شخصي,مسکونی
آپارتمان,1404/01/30,تهرانپارس فلكه اول خ 146,4,4,2,"7,500,000,000 تومان",24,مسکونی,سنگ,شخصي,1,0,0,0,4,84,2,1,MDF,ايراني فرنگي,سراميک,1,1,1,1,شوفاژ_کولر_گاز,شخصي,مسکونی
آپارتمان,1404/02/08,شمس آباد خ ریحانی خ قلیچ خانی شرقی,4,5,4,"13,500,000,000 تومان",18,تخلیه,سنگ,شخصي,0,1,0,0,1,98,2,1,MDF,ايراني فرنگي,سراميک,1,1,1,0,شوفاژ_کولر_آسانسور_گاز,شخصي,تخلیه
آپارتمان,1404/02/03,تهران پارس بین فلكه 2و3 خ 188,4,5,2,"13,500,000,000 تومان",15,مسکونی,سنگ,شخصي,0,1,0,0,4,105,2,1,MDF,ايراني فرنگي,سراميک,1,1,1,1,شوفاژ_کولر_آسانسور_گاز,شخصي,مسکونی
آپارتمان,1404/02/07,جشنواره خ سجده ای جنوبی,4,4,2,"4,728,000,000 تومان",17,تخلیه,سنگ,شخصي,1,0,0,0,3,60,1,1,MDF,ايرانی,سراميک,1,0,1,1,شوفاژ_کولر_گاز,شخصي,تخلیه
آپارتمان,1404/01/30,تهرانپارس ك 218,4,5,2,"8,250,000,000 تومان",نوساز,مسکونی,سنگ,شخصي,1,0,0,0,3,75,2,1,نا مشخص,ايراني فرنگي,سنگ,1,1,1,1,کولر_آسانسور_پکیج_گاز,شخصي,مسکونی
آپارتمان,1404/02/07,شمس آباد خ كمالی,4,4,1,"11,000,000,000 تومان",20,تخلیه,سنگ,شخصي,0,1,0,0,همكف,50,1,1,MDF,ايرانی,پارکت,1,0,1,0,کولر_گاز,شخصي,تخلیه
آپارتمان,1404/02/03,مجیدیه شمالی خ استاد حسن بنا,4,5,1,"13,800,000,000 تومان",5,مسکونی,سنگ,شخصي,1,0,0,0,3,120,2,0,MDF,ايراني فرنگي,سنگ,1,1,1,1,شوفاژ_کولر_آسانسور_گاز,شخصي,مسکونی
آپارتمان,1404/02/09,تهران پارس خ 206 غربی,4,4,1,"7,500,000,000 تومان",18,تخلیه,سنگ,شخصي,0,1,0,0,1,90,2,1,چوبي,ايراني فرنگي,سراميک,1,0,1,1,شوفاژ_کولر_گاز,شخصي,تخلیه
آپارتمان,1404/02/10,تهرانپارس خ استخر بوستان,4,4,2,"11,445,000,000 تومان",16,تخلیه,سنگ,شخصي,0,1,0,0,1,109,2,1,MDF,ايراني فرنگي,پارکت,1,1,1,1,شوفاژ_کولر,شخصي,تخلیه
آپارتمان,1404/01/31,لویزان شعبانلو,4,4,1,"7,590,000,000 تومان",16,اجاره,سنگ,شخصي,1,0,0,0,1,69,2,1,MDF,ايرانی,سراميک,1,1,1,1,کولر_گاز,شخصي,اجاره
آپارتمان,1404/02/06,تهرانپارس خ بهار,4,5,4,"8,500,000,000 تومان",12,تخلیه,سنگ,شخصي,0,1,0,0,3,68,2,1,MDF,ايراني فرنگي,پارکت,1,1,1,1,شوفاژ_کولر_آسانسور_پکیج_گاز,شخصي,تخلیه
آپارتمان,1404/02/03,هنگام شمیران نو,4,4,1,"2,500,000,000 تومان",20,اجاره,سيمان,قولنامه اي,0,1,0,0,2,55,1,,MDF,ايرانی,سراميک,1,0,1,1,کولر_گاز,قولنامه اي,اجاره
آپارتمان,1404/01/30,فرجام بلوار اردیبهشت,4,5,2,"14,100,000,000 تومان",12,مسکونی,سنگ,شخصي,1,0,0,0,5,128,3,1,MDF,ايراني فرنگي,سنگ,1,1,1,1,کولر_آسانسور_گاز,شخصي,مسکونی
آپارتمان,1404/01/31,تهرانپارس خ رشید ك 162,4,5,1,"12,500,000,000 تومان",نوساز,مسکونی,سنگ,شخصي,0,1,0,0,5,105,2,1,MDF,ايراني فرنگي,سنگ,1,1,1,0,شوفاژ_کولر_آسانسور_گاز,شخصي,مسکونی
آپارتمان,1404/02/09,فرجام حیدرخانی,4,5,2,"18,750,000,000 تومان",نوساز,تخلیه,ترکیبی,شخصي,0,1,0,0,2,150,3,1,MDF,ايراني فرنگي,سراميک,1,1,0,1,شوفاژ_کولر_آسانسور_پکیج_گاز,شخصي,تخلیه
آپارتمان,1404/02/06,فرجام خ حیدرخانی,4,3,2,"4,500,000,000 تومان",28,مسکونی,سنگ,شخصي,0,1,0,0,زیرهمكف,67,1,2,MDF,ايراني فرنگي,سراميک,1,1,1,0,کولر_گاز,شخصي,مسکونی
آپارتمان,1404/02/02,تهرانپارس شهرك شاهد,4,4,2,"4,400,000,000 تومان",26,اجاره,سنگ,شخصي,0,1,0,0,4,66,2,1,MDF,ايرانی,سراميک,1,1,1,1,کولر_گاز,شخصي,اجاره
آپارتمان,1404/02/06,تهرانپارس بزرگراه رسالت,4,4,3,"4,600,000,000 تومان",30,مسکونی,سنگ,شخصي,0,1,0,0,4,68,1,1,MDF,ايرانی,سراميک,1,0,1,0,شوفاژ_کولر_گاز,شخصي,مسکونی
آپارتمان,1404/02/03,تهرانپارس خ استخر,4,3,2,"7,500,000,000 تومان",420,27,تخلیه,آجر سه سانت,1,0,0,0,1,90,2,,MDF,ايراني فرنگي,سراميک,1,1,1,0,شوفاژ_کولر_حیاط_حیاط خلوت,شخصي,تخلیه
آپارتمان,1404/02/10,تهرانپارس خ رشید جنوبی خ حسینی,4,5,3,"8,700,000,000 تومان",20,مسکونی,ترکیبی,شخصي,1,0,0,0,همكف,80,2,,هایگلاس,فرنگی,سراميک,0,1,1,0,شوفاژ_کولر_آسانسور_سونا_جکوزی,شخصي,مسکونی
آپارتمان,1404/02/09,شمس آباد خ محمودی,4,5,4,"6,500,000,000 تومان",8,اجاره,سنگ,شخصي,1,0,0,0,1,65,1,1,MDF,ايراني فرنگي,پارکت,0,1,1,0,شوفاژ_کولر_آسانسور_پکیج_گاز,شخصي,اجاره
آپارتمان,1404/02/06,مجیدیه شمالی خ كرمان,4,5,4,"13,310,000,000 تومان",7,مسکونی,سنگ,شخصي,0,0,1,1,3,121,2,1,MDF,ايراني فرنگي,سراميک,1,1,1,1,شوفاژ_کولر_آسانسور_گاز,شخصي,مسکونی
آپارتمان,1404/02/02,هنگام شمیران نو خ نونوار,4,4,1,"5,000,000,000 تومان",17,تخلیه,سنگ,قولنامه اي,1,0,0,0,1,101,3,1,MDF,ايرانی,سراميک,1,0,0,0,شوفاژ_کولر_گاز,قولنامه اي,تخلیه
آپارتمان,1404/02/01,تهرانپارس بلوار پروین خ 196شرقی,4,5,2,"8,500,000,000 تومان",4,تخلیه,سنگ,شخصي,0,1,0,0,5,98,2,0,MDF,ايراني فرنگي,سراميک,1,1,1,1,شوفاژ_کولر_آسانسور_گاز,شخصي,تخلیه
آپارتمان,1404/02/07,تهرانپارس خ طاهری,4,5,1,"13,280,000,000 تومان",نوساز,تخلیه,سنگ,شخصي,0,0,0,1,1,83,2,1,MDF,ايراني فرنگي,سنگ,1,1,1,1,کولر_آسانسور_پکیج_گاز,شخصي,تخلیه
آپارتمان,1404/02/02,هنگام شمیران نو ك هشتم,4,3,1,"2,700,000,000 تومان",11,تخلیه,سنگ,قولنامه اي,0,1,0,0,3,90,1,1,هایگلاس,ايرانی,سراميک,1,0,1,1,شوفاژ_کولر_گاز,قولنامه اي,تخلیه
آپارتمان,1404/02/10,تهرانپارس خ استخر,4,9,4,"6,000,000,000 تومان",21,مسکونی,شيشه,تعاوني,0,1,0,0,4,82,2,1,MDF,ايراني فرنگي,سراميک,1,0,1,1,شوفاژ_کولر_آسانسور_گاز,تعاوني,مسکونی
آپارتمان,1404/02/10,شمس آباد خ ریحانی,4,5,4,"13,000,000,000 تومان",18,مسکونی,سنگ,شخصي,1,0,0,0,1,97,2,1,MDF,ايراني فرنگي,سراميک,1,1,1,0,کولر_آسانسور_گاز,شخصي,مسکونی
آپارتمان,1404/02/09,حكیمیه پگاه,4,6,3,"11,000,000,000 تومان",7,مسکونی,سنگ,شخصي,0,1,0,0,2,100,2,1,MDF,ايراني فرنگي,سراميک,1,1,1,1,کولر_آسانسور_پکیج,شخصي,مسکونی
آپارتمان,1404/01/31,هنگام چهارراه استقلال,4,6,4,"9,545,000,000 تومان",7,مسکونی,سنگ,شخصي,1,0,0,0,1,83,1,1,MDF,ايراني فرنگي,سنگ,1,1,1,0,شوفاژ_کولر_آسانسور_پکیج_گاز,شخصي,مسکونی
آپارتمان,1404/01/31,دلاوران خ تكاوران شمالی,4,4,1,"6,200,000,000 تومان",15,مسکونی,سنگ,شخصي,0,1,0,0,4,95,2,1,MDF,ايراني فرنگي,سراميک,1,1,1,0,شوفاژ_کولر_گاز,شخصي,مسکونی
آپارتمان,1404/02/01,تهران پارس خ 216 غربی,4,5,1,"28,000,000,000 تومان",1,تخلیه,سنگ,شخصي,0,1,0,0,1,190,3,1,MDF,ايراني فرنگي,سنگ,1,1,1,1,کولر_آسانسور_پکیج_گاز,شخصي,تخلیه
آپارتمان,1404/02/08,هنگام چهارراه استقلال,4,5,3,"8,800,000,000 تومان",18,مسکونی,سنگ,شخصي,1,0,0,0,1,93,2,1,MDF,ايراني فرنگي,سراميک,1,1,1,1,شوفاژ_کولر_آسانسور_گاز,شخصي,مسکونی
آپارتمان,1404/02/07,فرجام غربی خ احدزاده,4,3,1,"5,900,000,000 تومان",30,مسکونی,سنگ,شخصي,0,0,1,1,3,70,2,1,MDF,ايرانی,سنگ,1,0,1,1,کولر_پکیج_گاز,شخصي,مسکونی
آپارتمان,1404/02/03,هنگام شمیران نو خ 10متری الیاسی,4,3,2,"1,900,000,000 تومان",12,مسکونی,سنگ,قولنامه اي,1,0,0,0,همكف,55,1,1,MDF,فرنگی,سراميک,1,0,1,0,کولر_گاز,قولنامه اي,مسکونی
آپارتمان,1404/01/30,لویزان خ مباركی,4,5,2,"8,700,000,000 تومان",5,مسکونی,سنگ,شخصي,1,0,0,0,2,67,2,1,MDF,ايراني فرنگي,سراميک,1,1,0,1,شوفاژ_کولر_آسانسور_گاز,شخصي,مسکونی
آپارتمان,1404/02/11,خواجه عبدالله بالاتراز خ 14,4,5,2,"18,900,000,000 تومان",نوساز,تخلیه,سنگ,شخصي,1,0,0,0,1,126,3,1,MDF,ايراني فرنگي,سنگ,1,1,1,0,شوفاژ_کولر_فن کوئر_آسانسور_گاز,شخصي,تخلیه
آپارتمان,1404/01/31,حكیمیه بهشت,4,6,2,"15,933,000,000 تومان",8,مسکونی,سنگ,شخصي,0,1,0,0,6,141,3,1,MDF,ايراني فرنگي,سراميک,1,1,1,0,کولر_آسانسور_پکیج_گاز,شخصي,مسکونی
آپارتمان,1404/02/06,لویزان خ جوانشیر,4,4,1,"8,000,000,000 تومان",7,مسکونی,سنگ,شخصي,1,1,0,0,4,85,2,1,MDF,ايراني فرنگي,سراميک,1,0,1,1,کولر_آسانسور_پکیج,شخصي,مسکونی
آپارتمان,1404/02/07,تهرانپارس خ صاحب الزمان,4,5,2,"9,272,000,000 تومان",5,اجاره,سنگ,شخصي,0,1,0,0,2,88,2,1,نا مشخص,ايراني فرنگي,سنگ,1,1,1,1,شوفاژ_کولر_آسانسور_گاز,شخصي,اجاره
آپارتمان,1404/01/30,تهرانپارس بلوار پروین 196 شرقی,4,4,3,"3,600,000,000 تومان",20,اجاره,گرانيت,شخصي,1,0,0,0,3,55,1,1,MDF,ايرانی,سراميک,1,0,1,0,کولر_گاز,شخصي,اجاره
آپارتمان,1404/02/03,تهرانپارس خ 120غربی,4,5,3,"17,120,000,000 تومان",نوساز,تخلیه,سنگ,شخصي,0,1,0,0,1,107,2,1,MDF,ايراني فرنگي,سراميک,1,1,1,1,کولر_آسانسور_پکیج_گاز,شخصي,تخلیه
آپارتمان,1404/02/02,تهرانپارس شهرك شاهد ك دوم,4,4,2,"5,100,000,000 تومان",20,تخلیه,گرانيت,شخصي,1,0,0,0,2,62,1,1,MDF,ايراني فرنگي,سراميک,1,1,1,0,کولر_گاز,شخصي,تخلیه
آپارتمان,1404/02/10,دلاوران آزادگان,4,4,2,"6,150,000,000 تومان",15,اجاره,ترکیبی,شخصي,1,0,0,0,3,82,2,0,فلزي,ايرانی,سراميک,1,0,1,0,کولر_گاز,شخصي,اجاره
آپارتمان,1404/01/30,فرجام غربی 4 راه حیدر خانی,4,7,2,"11,000,000,000 تومان",نوساز,مسکونی,سنگ,شخصي,1,0,0,0,4,88,2,1,هایگلاس,ايراني فرنگي,پارکت,1,1,1,1,آسانسور_حیاط_پکیج_گاز,شخصي,مسکونی
آپارتمان,1404/02/08,تهرانپارس خ استخر,4,5,3,"13,200,000,000 تومان",5,تخلیه,سنگ,شخصي,1,1,0,0,3,110,2,1,MDF,ايراني فرنگي,سراميک,1,1,1,1,شوفاژ_کولر_آسانسور_پکیج_گاز,شخصي,تخلیه
آپارتمان,1404/02/10,تهران پارس فلكه 3 خ 198,4,10,7,"26,560,000,000 تومان",3,مسکونی,سنگ,شخصي,0,1,0,0,10,166,3,1,MDF,ايراني فرنگي,سراميک,1,1,1,1,آسانسور,شخصي,مسکونی
آپارتمان,1404/02/10,تهرانپارس 196 غربی ك 204 غربی,4,5,2,"10,350,000,000 تومان",نوساز,تخلیه,سنگ,شخصي,1,0,0,0,2,88,2,0,هایگلاس,ايراني فرنگي,سراميک,1,1,0,1,کولر_آسانسور_پکیج,شخصي,تخلیه
آپارتمان,1404/02/07,جشنواره خ زارع,4,4,1,"4,700,000,000 تومان",16,مسکونی,گرانيت,منگوله دار,1,0,0,0,4,67,2,1,MDF,ايرانی,سراميک,1,1,1,1,کولر_پکیج,منگوله دار,مسکونی
آپارتمان,1404/02/09,تهران پارس بلوار پروین بین 131وبلوار,4,4,1,"7,200,000,000 تومان",10,مسکونی,سنگ,شخصي,0,1,0,0,2,86,2,1,MDF,ايراني فرنگي,سراميک,1,0,1,1,کولر_آسانسور_پکیج_گاز,شخصي,مسکونی
آپارتمان,1404/02/09,تهرانپارس بزرگراه باقری خ 196 غربی بین طاهری و باقری,4,5,2,"9,010,000,000 تومان",16,مسکونی,سنگ,شخصي,0,1,0,0,1,106,3,1,MDF,ايراني فرنگي,سنگ,1,0,1,1,شوفاژ_کولر_آسانسور_حیاط خلوت_گاز,شخصي,مسکونی
آپارتمان,1404/02/11,تهران پارس بلوار پروین بین 133و135,4,4,2,"4,100,000,000 تومان",18,مسکونی,سنگ,شخصي,1,0,0,0,4,58,1,1,MDF,ايرانی,سراميک,1,1,1,0,شوفاژ_کولر_گاز,شخصي,مسکونی
آپارتمان,1404/02/10,اتوبان بابایی شهرك اركیده,4,16,10,"6,650,000,000 تومان",11,مسکونی,ترکیبی,تعاوني,0,1,0,0,2,63,1,,MDF,ايراني فرنگي,پارکت,1,1,1,1,چیلر,تعاوني,مسکونی
آپارتمان,1404/02/07,تهرانپارس فلكه اول خ 148 غربی,4,4,2,"13,500,000,000 تومان",25,اجاره,سنگ,شخصي,1,0,0,0,1,115,2,1,MDF,فرنگی,سراميک,1,1,1,0,شوفاژ_کولر_آسانسور_گاز,شخصي,اجاره
آپارتمان,1404/02/03,تهرانپارس بلوار پروین خ 216,4,4,2,"6,800,000,000 تومان",23,مسکونی,سنگ,شخصي,0,1,0,0,2,65,1,1,MDF,ايرانی,سراميک,1,1,1,0,شوفاژ_کولر_گاز,شخصي,مسکونی
آپارتمان,1404/02/09,فرجام غربی خ حیدرخانی,4,5,1,"14,000,000,000 تومان",10,تخلیه,سنگ,شخصي,0,1,0,0,3,150,3,1,MDF,ايراني فرنگي,سراميک,1,1,1,1,شوفاژ_کولر_آسانسور_پکیج_گاز,شخصي,تخلیه
آپارتمان,1404/02/01,شریعتی بالاتراز سیدخندان,4,3,1,"18,000,000,000 تومان",280,30,مسکونی,سنگ,1,0,0,0,2,156,3,1,MDF,فرنگی,پارکت,1,1,1,1,شوفاژ_کولر_گاز,شخصي,مسکونی
آپارتمان,1404/02/06,حكیمیه بلوار بهار خ پور مختار,4,2,1,"12,300,000,000 تومان",225,30,تخلیه,سنگ,1,0,0,0,1,128,3,1,MDF,ايراني فرنگي,سراميک,1,0,1,1,شوفاژ_کولر_گاز,شخصي,تخلیه
آپارتمان,1404/02/09,اتوبان بابایی شهرك شهید بهشتی,4,10,7,"7,000,000,000 تومان",7,مسکونی,سيمان,تعاوني,1,0,0,0,3,71,2,1,MDF,ايراني فرنگي,سراميک,1,1,1,1,آسانسور_پکیج,تعاوني,مسکونی
آپارتمان,1404/02/09,دلاوران ازادگان,4,3,3,"3,400,000,000 تومان",13,مسکونی,سنگ,شخصي,0,1,0,0,3,50,1,2,MDF,ايراني فرنگي,سراميک,1,0,1,0,کولر_گاز,شخصي,مسکونی
آپارتمان,1404/01/31,هروی ساقدوش,4,5,3,"27,000,000,000 تومان",10,مسکونی,سنگ,شخصي,0,1,0,0,3,150,3,1,MDF,ايراني فرنگي,سنگ,1,1,1,0,کولر_آسانسور_گاز,شخصي,مسکونی
آپارتمان,1404/01/30,تهرانپارس خ 180,4,4,1,"12,300,000,000 تومان",20,مسکونی,سنگ,شخصي,0,1,0,0,1,115,3,2,MDF,ايراني فرنگي,سراميک,1,1,1,1,شوفاژ_کولر,شخصي,مسکونی
آپارتمان,1404/02/10,جشنواره جنب فرهنگسرا,4,5,2,"8,800,000,000 تومان",نوساز,تخلیه,سنگ,شخصي,0,1,0,0,2,100,2,1,MDF,ايراني فرنگي,سراميک,1,1,1,1,کولر_آسانسور_گاز,شخصي,تخلیه
آپارتمان,1404/02/06,خواجه عبدالله نرسیده به خ تیسفون,4,4,2,"8,000,000,000 تومان",30,تخلیه,سنگ,شخصي,0,1,0,0,1,76,2,1,فلزي,ايرانی,موکت,0,1,1,1,شوفاژ_کولر_گاز,شخصي,تخلیه
آپارتمان,1404/02/11,شمس اباد خ شهید كرد,4,4,1,"5,500,000,000 تومان",25,مسکونی,سنگ,شخصي,1,0,0,0,1,70,2,1,MDF,ايرانی,سراميک,0,0,0,0,شوفاژ_کولر_گاز,شخصي,مسکونی
آپارتمان,1404/02/09,هروی خ قادری,4,4,1,"11,500,000,000 تومان",6,مسکونی,سنگ,شخصي,1,0,0,0,3,61,1,1,MDF,ايرانی,سنگ,1,1,1,0,شوفاژ_کولر_آسانسور,شخصي,مسکونی
آپارتمان,1404/02/10,تهرانپارس فلكه اول,4,5,1,"25,500,000,000 تومان",1,تخلیه,سنگ,شخصي,0,1,0,0,2,160,3,1,MDF,ايراني فرنگي,سنگ,1,1,1,1,کولر_آسانسور_پکیج_گاز,شخصي,تخلیه
آپارتمان,1404/02/08,هروی ساقدوش خ مكران جنوبی,4,5,2,"25,000,000,000 تومان",16,تخلیه,سنگ,شخصي,0,1,0,0,2,152,3,,چوبي,ايراني فرنگي,پارکت,1,1,1,1,کولر_آسانسور_استخر_پکیج_سونا_جکوزی,شخصي,تخلیه
آپارتمان,1404/02/06,تهرانپارس بالاتر از خ مهرنامی,4,6,3,"20,139,000,000 تومان",2,تخلیه,سنگ,شخصي,1,1,0,0,6,147,3,1,چوبي,ايراني فرنگي,سراميک,1,1,1,1,شوفاژ_کولر_آسانسور_گاز,شخصي,تخلیه
آپارتمان,1404/02/07,تهران پارس خ 164 غربی,4,4,1,"17,000,000,000 تومان",20,مسکونی,سنگ,شخصي,0,1,0,0,3,157,3,1,MDF,ايراني فرنگي,سراميک,1,1,1,0,شوفاژ_کولر_گاز,شخصي,مسکونی
آپارتمان,1404/02/10,تهرانپارس بلوارپروین ك مرادی,4,6,3,"7,300,000,000 تومان",8,تخلیه,تراورتن,شخصي,0,1,0,0,3,78,2,0,هایگلاس,ايراني فرنگي,سراميک,0,1,0,0,شوفاژ_کولر_آسانسور,شخصي,تخلیه
آپارتمان,1404/01/28,تهرانپارس خ 112,4,5,1,"21,580,000,000 تومان",نوساز,تخلیه,سنگ,شخصي,0,1,0,0,1,166,3,1,MDF,ايراني فرنگي,سنگ,1,1,1,1,آسانسور_پکیج,شخصي,تخلیه
آپارتمان,1404/02/02,بنی هاشم خ كیماسی,4,5,2,"19,180,000,000 تومان",4,مسکونی,سنگ,شخصي,1,0,0,0,1,137,3,1,MDF,ايراني فرنگي,سراميک,1,1,1,0,شوفاژ_کولر_آسانسور_پکیج_گاز,شخصي,مسکونی
آپارتمان,1404/01/31,تهرانپارس فلكه چهارم خ صاحب الزمان,4,5,2,"9,600,000,000 تومان",نوساز,تخلیه,سنگ,شخصي,1,0,0,0,2,80,2,1,MDF,ايراني فرنگي,سنگ,1,1,1,0,کولر_آسانسور_گاز,شخصي,تخلیه
آپارتمان,1404/02/07,حكیمیه خ سازمان آب,4,4,2,"7,150,000,000 تومان",15,تخلیه,سنگ,شخصي,0,1,0,0,1,87,2,1,MDF,ايرانی,سراميک,1,1,0,1,شوفاژ_کولر_آسانسور_گاز,شخصي,تخلیه
آپارتمان,1404/01/28,تهرانپارس خ استخر خ صفایی فراهانی,4,4,2,"8,300,000,000 تومان",10,مسکونی,سنگ,شخصي,1,0,0,0,1,77,2,1,MDF,ايراني فرنگي,سراميک,1,1,0,1,کولر_آسانسور_پکیج,شخصي,مسکونی
آپارتمان,1404/02/03,هروی بالاتر از میدان خ عقیلی,4,7,6,"22,500,000,000 تومان",2,تخلیه,سنگ,شخصي,1,0,0,0,3,106,2,1,MDF,ايراني فرنگي,سنگ,1,1,1,0,شوفاژ_کولر_آسانسور_گاز,شخصي,تخلیه
آپارتمان,1404/02/08,هنگام چهارراه استقلال,4,4,2,"6,500,000,000 تومان",20,اجاره,سنگ,شخصي,1,0,0,0,4,105,2,1,MDF,ايرانی,سراميک,1,0,1,0,شوفاژ_کولر,شخصي,اجاره
آپارتمان,1404/01/30,جشنواره خ زهدی,4,2,2,"3,600,000,000 تومان",18,مسکونی,سنگ,شخصي,1,0,0,0,1,55,1,1,MDF,ايرانی,سراميک,1,0,0,0,کولر_گاز,شخصي,مسکونی
آپارتمان,1404/02/10,خواجه عبدالله خ تیسفون,4,5,2,"46,500,000,000 تومان",نوساز,تخلیه,سنگ,شخصي,0,1,0,0,مختلف,186,3,1,هایگلاس,ايراني فرنگي,سنگ,0,1,1,1,شوفاژ_کولر_آسانسور_گاز,شخصي,تخلیه
آپارتمان,1404/02/10,تهرانپارس خ 176/2,4,6,2,"14,400,000,000 تومان",نوساز,تخلیه,ترکیبی,دردست اقدام,0,1,0,0,5,98,2,1,چوبي,ايراني فرنگي,سنگ,1,1,1,1,آسانسور_پکیج,دردست اقدام,تخلیه
آپارتمان,1404/01/28,جشنواره خ درختی,4,4,4,"3,700,000,000 تومان",12,تخلیه,سنگ,شخصي,1,0,0,0,3,61,1,1,MDF,ايرانی,کفپوش,1,0,1,0,کولر_گاز,شخصي,تخلیه
آپارتمان,1404/02/07,تهرانپارس بلوار پروین خ مولائی,4,4,2,"5,700,000,000 تومان",12,تخلیه,سنگ,شخصي,1,0,0,0,1,65,1,1,MDF,ايرانی,سراميک,1,1,1,1,کولر_گاز,شخصي,تخلیه
آپارتمان,1404/02/01,اتوبان بابایی شهرك شهپریان,4,12,8,"8,500,000,000 تومان",6,اجاره,آجر,تعاوني,0,1,0,0,10,95,2,1,MDF,ايراني فرنگي,سراميک,1,1,1,1,شوفاژ_کولر_آسانسور_پکیج_گاز,تعاوني,اجاره
آپارتمان,1404/02/08,میدان رسالت خ طرقی,4,5,2,"9,750,000,000 تومان",4,اجاره,سنگ,شخصي,1,0,0,0,3,75,2,1,MDF,ايراني فرنگي,پارکت,1,1,1,1,کولر_آسانسور_پکیج,شخصي,اجاره
آپارتمان,1404/02/06,تهرانپارس بلوار پروین خ 202,4,4,2,"7,000,000,000 تومان",18,مسکونی,سنگ,شخصي,0,1,0,0,4,98,2,1,MDF,ايرانی,سراميک,1,1,1,1,شوفاژ_کولر_گاز,شخصي,مسکونی
آپارتمان,1404/02/02,هروی ساقدوش,4,5,2,"17,000,000,000 تومان",12,مسکونی,سنگ,شخصي,0,1,0,0,1,128,3,1,MDF,ايراني فرنگي,سنگ,1,1,1,1,شوفاژ_کولر_آسانسور_مستخدم_گاز,شخصي,مسکونی
آپارتمان,1404/02/10,لویزان خ شهید جعفریان,4,6,3,"9,000,000,000 تومان",9,مسکونی,سنگ,شخصي,0,1,0,0,6,75,2,1,MDF,ايراني فرنگي,سراميک,1,1,1,1,شوفاژ_کولر_آسانسور_گاز,شخصي,مسکونی
آپارتمان,1404/02/10,تهران پارس بلوار پروین خ 196,4,4,3,"3,400,000,000 تومان",15,مسکونی,سنگ,شخصي,0,1,0,0,1,42,1,1,MDF,ايرانی,سراميک,1,0,1,0,شوفاژ_کولر_گاز,شخصي,مسکونی
آپارتمان,1404/02/01,تهرانپارس خ استخر,4,5,4,"5,200,000,000 تومان",10,تخلیه,سنگ,شخصي,1,0,0,0,2,61,1,1,MDF,ايراني فرنگي,سنگ,1,1,1,0,شوفاژ_کولر_آسانسور_گاز,شخصي,تخلیه
آپارتمان,1404/02/01,تهرانپارس بلوار پروین,4,4,2,"4,300,000,000 تومان",19,مسکونی,سنگ,شخصي,0,1,0,0,همكف,55,1,1,MDF,ايراني فرنگي,سنگ,1,0,1,0,شوفاژ_کولر,شخصي,مسکونی
آپارتمان,1404/02/10,تهرانپارس شرقی بلوارشاهد بین 133 و بلوار,4,5,2,"11,200,000,000 تومان",1,مسکونی,سنگ,شخصي,0,1,0,0,1,122,2,0,هایگلاس,ايراني فرنگي,سراميک,1,1,1,1,کولر_آسانسور_پکیج_گاز,شخصي,مسکونی
آپارتمان,1404/02/10,حكیمیه خ باباییان,4,7,6,"8,280,000,000 تومان",6,مسکونی,سنگ,شخصي,1,0,0,0,5,92,2,1,MDF,ايراني فرنگي,سراميک,0,1,1,1,کولر_آسانسور_پکیج,شخصي,مسکونی
آپارتمان,1404/02/09,هنگام شمیران نو خ شهید عباسی,4,4,1,"4,000,000,000 تومان",17,تخلیه,سنگ,قولنامه اي,1,0,0,0,1,75,1,1,MDF,ايرانی,پارکت,1,0,0,0,کولر_گاز,قولنامه اي,تخلیه
آپارتمان,1404/02/01,تهرانپارس بلوارخوشوقت,4,4,3,"11,500,000,000 تومان",30,تخلیه,سنگ,شخصي,0,1,0,0,1,154,2,1,MDF,ايراني فرنگي,پارکت,1,1,0,1,شوفاژ_کولر_آسانسور_گاز,شخصي,تخلیه
آپارتمان,1404/01/30,هنگام شمیران نو,4,3,1,"3,000,000,000 تومان",23,تخلیه,سنگ,قولنامه اي,1,0,0,0,2,60,1,1,MDF,ايرانی,سراميک,1,0,0,1,کولر_گاز,قولنامه اي,تخلیه
آپارتمان,1404/02/09,شمس اباد خ موسایی,4,5,4,"15,080,000,000 تومان",نوساز,مسکونی,سنگ,شخصي,0,1,0,0,5,116,2,1,MDF,ايراني فرنگي,پارکت,1,1,1,0,کولر_آسانسور_گاز,شخصي,مسکونی
آپارتمان,1404/02/02,هنگام نرسیده به ك حاجی بیگی,4,4,1,"5,800,000,000 تومان",نوساز,تخلیه,سنگ,شخصي,1,0,0,0,2,108,2,1,MDF,ايراني فرنگي,سراميک,1,0,1,1,شوفاژ_کولر_آسانسور_گاز,شخصي,تخلیه
آپارتمان,1404/02/02,جشنواره خ امین,4,3,1,"3,500,000,000 تومان",14,اجاره,سيمان,قولنامه اي,1,0,0,0,2,80,2,1,MDF,ايرانی,سراميک,1,0,1,0,کولر_گاز,قولنامه اي,اجاره
آپارتمان,1404/02/02,تهرانپارس فلكه 1 ابتدای بلوار پروین,4,3,3,"4,250,000,000 تومان",30,تخلیه,کنيتکس,شخصي,0,1,0,0,1,57,1,1,MDF,ايرانی,سراميک,1,0,1,0,شوفاژ_کولر,شخصي,تخلیه
آپارتمان,1404/01/30,هروی ساقدوش خ شقاقی,4,9,4,"29,250,000,000 تومان",نوساز,مسکونی,سنگ,شخصي,1,1,0,0,5,150,3,1,MDF,ايراني فرنگي,سنگ,1,1,1,1,شوفاژ_کولر_آسانسور,شخصي,مسکونی
آپارتمان,1404/02/06,تهران پارس بلوار پروین خ 196 شرقی,4,4,2,"7,200,000,000 تومان",20,مسکونی,سنگ,شخصي,0,1,0,0,3,68,2,1,MDF,ايرانی,سراميک,1,0,1,0,شوفاژ_کولر_گاز,شخصي,مسکونی
آپارتمان,1404/02/01,تهرانپارس خ توحید ك دهم,4,4,2,"4,200,000,000 تومان",30,مسکونی,سنگ,شخصي,1,0,0,0,4,60,1,1,MDF,ايرانی,سراميک,1,0,1,0,کولر_گاز,شخصي,مسکونی
آپارتمان,1404/02/06,تهرانپارس فلكه سوم خ برادران مظفری,4,5,3,"8,300,000,000 تومان",11,تخلیه,سنگ,شخصي,1,0,0,0,4,88,2,1,MDF,ايراني فرنگي,سنگ,1,1,1,1,شوفاژ_کولر_آسانسور_گاز,شخصي,تخلیه
آپارتمان,1404/02/08,هروی حسین آباد خ شعبانلو,4,5,4,"14,500,000,000 تومان",7,تخلیه,سنگ,شخصي,1,0,0,0,5,97,2,1,MDF,ايراني فرنگي,سنگ,1,1,1,0,کولر_آسانسور_پکیج,شخصي,تخلیه
آپارتمان,1404/02/08,سراج نرسیده به ك نجفی اصفهانی,4,4,4,"5,600,000,000 تومان",21,مسکونی,سنگ,شخصي,0,1,0,0,2,69,2,1,MDF,ايرانی,پارکت,1,0,1,1,شوفاژ_کولر_پکیج_گاز,شخصي,مسکونی
آپارتمان,1404/01/31,جشنواره خ زهدی,4,5,3,"5,200,000,000 تومان",14,اجاره,سنگ,شخصي,0,1,0,0,2,57,1,1,MDF,ايرانی,سراميک,1,1,1,1,شوفاژ_کولر_آسانسور_پکیج_گاز,شخصي,اجاره
آپارتمان,1404/02/06,حكیمیه خ نشوه,4,5,3,"6,525,000,000 تومان",18,اجاره,سنگ,شخصي,0,1,0,0,2,87,2,1,MDF,ايراني فرنگي,سراميک,1,1,1,1,شوفاژ_کولر_آسانسور_گاز,شخصي,اجاره
آپارتمان,1404/02/10,تهرانپارس خ استخر,4,4,2,"4,000,000,000 تومان",23,اجاره,سنگ,شخصي,0,1,0,0,همكف,54,1,1,فلزي,ايراني فرنگي,سراميک,1,0,1,0,کولر_گاز,شخصي,اجاره
آپارتمان,1404/02/08,هنگام شمیران نو خ دهم,4,4,1,"1,550,000,000 تومان",30,مسکونی,آجر,قولنامه اي,1,0,0,0,4,50,1,1,MDF,ايرانی,موزائيک,0,0,0,0,کولر_گاز,قولنامه اي,مسکونی
آپارتمان,1404/01/28,اتوبان بابایی شهرك شهید بهشتی,4,19,10,"9,850,000,000 تومان",3,اجاره,ترکیبی,تعاوني,1,0,0,0,15,95,2,0,هایگلاس,ايراني فرنگي,سراميک,1,1,1,1,آسانسور_چیلر,تعاوني,اجاره
آپارتمان,1404/02/07,هنگام شمیران نو خ شقایق,4,4,1,"3,000,000,000 تومان",18,مسکونی,سنگ,شخصي,1,0,0,0,همكف,70,1,1,MDF,ايرانی,سراميک,0,0,1,0,کولر_گاز,شخصي,مسکونی
آپارتمان,1404/02/11,خواجه عبدالله خ تیسفون,4,5,1,"48,000,000,000 تومان",نوساز,تخلیه,سنگ,شخصي,1,0,0,0,مختلف,192,3,0,MDF,ايراني فرنگي,سنگ,1,1,1,1,آسانسور_پکیج,شخصي,تخلیه
آپارتمان,1404/02/03,شمس اباد خ محمودی,4,5,4,"10,500,000,000 تومان",2,اجاره,سنگ,شخصي,0,1,0,0,5,97,2,1,چوبي,ايراني فرنگي,سراميک,1,1,1,1,شوفاژ_کولر_آسانسور_گاز,شخصي,اجاره
آپارتمان,1404/02/01,جشنواره خ درختی,4,4,4,"4,600,000,000 تومان",20,مسکونی,سنگ,شخصي,1,0,0,0,1,68,2,1,MDF,ايرانی,سراميک,1,0,1,0,شوفاژ_کولر_گاز,شخصي,مسکونی
آپارتمان,1404/02/01,جشنواره بالاتر از خ جعفرپناه,4,4,2,"6,500,000,000 تومان",13,مسکونی,سنگ,شخصي,1,0,0,0,2,73,2,1,MDF,ايرانی,سنگ,1,0,1,1,شوفاژ_کولر_آسانسور_گاز,شخصي,مسکونی
آپارتمان,1404/02/03,سراج ك رضائیان,4,3,1,"3,000,000,000 تومان",19,مسکونی,سنگ,قولنامه اي,0,1,0,0,زیرهمكف,70,1,1,فلزي,ايرانی,سراميک,1,0,0,0,کولر_حیاط خلوت_گاز,قولنامه اي,مسکونی
آپارتمان,1404/02/07,تهران پارس خ وفادارشرقی,4,4,2,"4,000,000,000 تومان",20,مسکونی,سنگ,شخصي,0,1,0,0,همكف,47,1,1,MDF,ايراني فرنگي,سراميک,1,0,1,1,شوفاژ_کولر_آسانسور,شخصي,مسکونی
آپارتمان,1404/02/01,هروی خ جمالی,4,5,3,"32,300,000,000 تومان",5,مسکونی,سنگ,شخصي,0,1,0,0,1,190,3,1,MDF,ايراني فرنگي,سنگ,1,1,1,1,شوفاژ_کولر_پکیج_گاز,شخصي,مسکونی
آپارتمان,1404/02/07,تهرانپارس خ 196غربی نبش ك 188,4,3,2,"11,000,000,000 تومان",20,مسکونی,سنگ,شخصي,0,1,0,0,1,99,2,1,MDF,ايراني فرنگي,سراميک,1,0,0,1,شوفاژ_کولر_گاز,شخصي,مسکونی
آپارتمان,1404/02/06,تهرانپارس خ استخر,4,6,3,"7,500,000,000 تومان",9,مسکونی,سنگ,شخصي,0,1,0,0,3,80,2,1,هایگلاس,ايراني فرنگي,پارکت,1,1,1,1,شوفاژ_کولر_آسانسور_گاز,شخصي,مسکونی
آپارتمان,1404/02/08,میدان رسالت خ طرقی,4,5,2,"14,950,000,000 تومان",4,اجاره,سنگ,شخصي,1,0,0,0,3,115,2,1,MDF,ايراني فرنگي,پارکت,1,1,1,1,آسانسور,شخصي,اجاره
آپارتمان,1404/01/31,هنگام شمیران نو خ غفاری شمالی,4,3,1,"2,700,000,000 تومان",20,مسکونی,سنگ,شخصي,0,1,0,0,همكف,55,1,1,MDF,ايرانی,سراميک,1,0,1,0,شوفاژ_کولر_گاز,شخصي,مسکونی
آپارتمان,1404/02/07,فرجام غربی خ حیدرخانی,4,3,2,"7,200,000,000 تومان",23,تخلیه,سنگ,منگوله دار,0,1,0,0,2,82,2,1,MDF,ايراني فرنگي,سنگ,1,1,1,1,شوفاژ_کولر_گاز,منگوله دار,تخلیه
آپارتمان,1404/01/30,تهرانپارس شهرك شاهد خ شهیدمعینی نژاد,4,4,2,"3,700,000,000 تومان",20,مسکونی,سنگ,شخصي,0,1,0,0,4,49,1,1,هایگلاس,ايرانی,سراميک,1,0,0,0,کولر_گاز,شخصي,مسکونی
آپارتمان,1404/02/08,جشنواره خ نقدی,4,9,6,"6,000,000,000 تومان",2,مسکونی,سنگ,شخصي,0,1,0,0,13,60,1,1,MDF,ايراني فرنگي,سراميک,1,1,1,0,شوفاژ_کولر_آسانسور_مستخدم_پکیج_گاز,شخصي,مسکونی
آپارتمان,1404/02/06,شمس اباد خ منصوری,4,4,4,"6,000,000,000 تومان",21,مسکونی,سنگ,شخصي,1,0,0,0,1,59,2,1,MDF,ايرانی,پارکت,1,1,1,0,شوفاژ_کولر_گاز,شخصي,مسکونی
آپارتمان,1404/02/10,تهران پارس بلوار پروین بین 135 و133,4,5,3,"7,500,000,000 تومان",13,مسکونی,سنگ,شخصي,0,1,0,0,2,84,2,1,MDF,ايراني فرنگي,سراميک,1,1,1,1,شوفاژ_کولر_آسانسور_گاز,شخصي,مسکونی
آپارتمان,1404/02/06,تهرانپارس بلوار پروین خ 131,4,4,1,"6,400,000,000 تومان",20,مسکونی,آجر سه سانت,شخصي,0,0,1,1,1,81,2,1,MDF,ايرانی,سراميک,1,1,1,1,کولر_پکیج_گاز,شخصي,مسکونی
آپارتمان,1404/02/10,سراج بالاتراز دلاوران,4,5,2,"5,800,000,000 تومان",13,اجاره,سنگ,شخصي,1,0,0,0,5,65,1,1,MDF,ايراني فرنگي,پارکت,1,1,1,0,کولر_آسانسور_پکیج,شخصي,اجاره
آپارتمان,1404/02/09,نیروی دریائی بالاتر از خ جاجرودی,4,5,4,"6,000,000,000 تومان",20,تخلیه,سنگ,شخصي,1,0,0,0,3,61,2,1,MDF,ايرانی,سراميک,1,1,1,0,شوفاژ_کولر_آسانسور_گاز,شخصي,تخلیه
آپارتمان,1404/01/28,هروی خ گلزار,4,4,2,"8,500,000,000 تومان",20,اجاره,سنگ,شخصي,1,0,0,0,4,82,2,1,هایگلاس,ايراني فرنگي,سنگ,1,0,1,0,شوفاژ_کولر,شخصي,اجاره
آپارتمان,1404/02/10,تهرانپارس خیابان فرجام شرقی,4,6,2,"6,000,000,000 تومان",27,تخلیه,سنگ,شخصي,0,1,0,0,5,55,1,1,MDF,ايرانی,سراميک,1,0,1,0,شوفاژ_کولر_آسانسور_گاز,شخصي,تخلیه
آپارتمان,1404/01/30,شریعتی بالاتر از سیدخندان,4,4,2,"5,500,000,000 تومان",25,تخلیه,سنگ,شخصي,1,0,0,0,3,60,1,1,فلزي,ايرانی,موکت,1,0,1,0,شوفاژ_کولر,شخصي,تخلیه
آپارتمان,1404/02/07,هروی حسین آّباد,4,5,2,"10,500,000,000 تومان",18,مسکونی,سنگ,شخصي,1,0,0,0,5,75,1,1,MDF,ايراني فرنگي,سراميک,1,1,1,1,شوفاژ_کولر_آسانسور_گاز,شخصي,مسکونی
آپارتمان,1404/01/30,تهرانپارس ك 206,4,6,4,"13,125,000,000 تومان",5,مسکونی,سنگ,شخصي,0,1,0,0,4,105,2,1,MDF,ايرانی,سنگ,1,1,1,1,شوفاژ_کولر_آسانسور_گاز,شخصي,مسکونی
آپارتمان,1404/02/09,فرجام نرسیده به خ حیدرخانی,4,4,2,"5,300,000,000 تومان",19,تخلیه,سنگ,شخصي,0,1,0,0,1,61,1,1,MDF,ايراني فرنگي,سنگ,1,0,1,1,کولر_پکیج_گاز,شخصي,تخلیه
آپارتمان,1404/02/09,لویزان بالاتر از امامزاده پنج تن,4,6,4,"12,000,000,000 تومان",7,اجاره,سنگ,شخصي,0,1,0,0,4,95,2,1,MDF,ايراني فرنگي,سراميک,1,1,1,1,شوفاژ_کولر_آسانسور_پکیج_گاز,شخصي,اجاره
آپارتمان,1404/02/10,تهرانپارس خ مهرنامی خ 124,4,6,1,"36,200,000,000 تومان",7,تخلیه,سنگ,شخصي,1,0,0,0,4,181,3,1,چوبي,ايراني فرنگي,سنگ,1,1,1,1,شوفاژ_کولر_آسانسور_پکیج_گاز,شخصي,تخلیه
آپارتمان,1404/02/06,تهرانپارس بلوار پروین خ جمیلی شبستری,4,5,2,"5,000,000,000 تومان",11,مسکونی,ترکیبی,شخصي,1,0,0,0,4,52,1,1,هایگلاس,ايراني فرنگي,سنگ,0,1,1,0,کولر_آسانسور_پکیج,شخصي,مسکونی
آپارتمان,1404/01/28,سراج نرسیده به ك عینعلی,4,4,4,"3,100,000,000 تومان",20,مسکونی,سنگ,شخصي,0,1,0,0,2,60,1,1,MDF,ايرانی,سراميک,1,0,1,0,شوفاژ_کولر_گاز,شخصي,مسکونی
آپارتمان,1404/02/01,اتوبان بابایی شهرك بهشتی,4,19,20,"9,500,000,000 تومان",2,اجاره,سنگ,تعاوني,0,1,0,0,11,95,2,1,هایگلاس,ايراني فرنگي,سراميک,1,1,1,1,آسانسور_چیلر_گاز,تعاوني,اجاره
آپارتمان,1404/02/07,هنگام شمیران نو,4,5,1,"5,600,000,000 تومان",3,تخلیه,سنگ,قولنامه اي,0,0,1,0,3,110,2,1,MDF,ايراني فرنگي,سراميک,1,0,1,1,شوفاژ_کولر_آسانسور_پکیج_گاز,قولنامه اي,تخلیه
آپارتمان,1404/01/30,فرجام خ عبادی,4,6,3,"12,600,000,000 تومان",نوساز,تخلیه,ترکیبی,دردست اقدام,0,1,0,0,1,110,2,0,هایگلاس,ايراني فرنگي,سراميک,1,1,1,1,آسانسور,دردست اقدام,تخلیه
آپارتمان,1404/01/31,تهران پارس بین عادل و طاهری,4,5,2,"11,200,000,000 تومان",9,مسکونی,سنگ,شخصي,1,0,0,0,5,87,2,1,MDF,ايراني فرنگي,سراميک,1,1,1,1,شوفاژ_کولر_آسانسور_گاز,شخصي,مسکونی
آپارتمان,1404/02/09,جشنواره خ زهدی,4,5,1,"13,000,000,000 تومان",3,اجاره,ترکیبی,شخصي,1,0,0,0,4,150,3,1,MDF,ايراني فرنگي,سنگ,1,1,1,1,شوفاژ_کولر_آسانسور,شخصي,اجاره
آپارتمان,1404/02/07,تهرانپارس خ وفادار,4,5,4,"6,350,000,000 تومان",13,اجاره,سنگ,شخصي,0,1,0,0,1,57,1,1,MDF,ايرانی,سنگ,1,1,1,0,شوفاژ_کولر_آسانسور_گاز,شخصي,اجاره
آپارتمان,1404/01/30,فرجام غربی خ عبادی,4,5,2,"6,200,000,000 تومان",14,مسکونی,سنگ,مسکوني,1,0,0,0,5,71,1,1,MDF,ايرانی,سراميک,1,0,1,0,شوفاژ_کولر_آسانسور_گاز,مسکوني,مسکونی
آپارتمان,1404/02/10,حكیمیه خ فرهنگ,4,6,2,"12,500,000,000 تومان",9,مسکونی,ترکیبی,شخصي,0,1,0,0,6,113,2,1,MDF,ايراني فرنگي,سنگ,1,1,1,1,کولر_آسانسور_پکیج,شخصي,مسکونی
آپارتمان,1404/02/10,بنی هاشم نرسیده به خ نصیبی,4,5,2,"9,300,000,000 تومان",1,تخلیه,سنگ,شخصي,0,1,0,0,5,80,2,1,MDF,ايراني فرنگي,سراميک,1,1,1,1,شوفاژ_کولر_آسانسور_گاز,شخصي,تخلیه
آپارتمان,1404/01/31,تهرانپارس خ استخر,4,4,1,"18,000,000,000 تومان",250,8,تخلیه,سنگ,0,1,0,0,1,150,3,1,MDF,ايراني فرنگي,سراميک,1,1,1,1,شوفاژ_کولر_آسانسور_پکیج_گاز,شخصي,تخلیه
آپارتمان,1404/02/07,تهرانپارس خ استخر,4,4,1,"3,000,000,000 تومان",8,مسکونی,سنگ,قولنامه اي,0,1,0,0,3,100,1,1,MDF,ايراني فرنگي,سراميک,1,0,1,0,شوفاژ_کولر_گاز,قولنامه اي,مسکونی
آپارتمان,1404/02/10,لویزان خ شاه رضایی,4,3,2,"3,600,000,000 تومان",20,تخلیه,سنگ,قولنامه اي,1,0,0,0,3,55,1,1,MDF,ايراني فرنگي,سراميک,1,0,1,1,کولر_گاز,قولنامه اي,تخلیه
آپارتمان,1404/02/01,بنی هاشم ك تنگستانی,4,4,1,"35,000,000,000 تومان",نوساز,تخلیه,ترکیبی,شخصي,1,1,0,0,سه واحد,249,6,3,MDF,ايراني فرنگي,سنگ,1,1,1,1,کولر_آسانسور_پکیج,شخصي,تخلیه
آپارتمان,1404/02/02,دلاوران خ تكاوران شمالی,4,6,2,"10,080,000,000 تومان",نوساز,تخلیه,سنگ,شخصي,0,1,0,0,1,112,2,0,MDF,ايراني فرنگي,سنگ,1,1,1,0,شوفاژ_کولر_آسانسور_گاز,شخصي,تخلیه
آپارتمان,1404/02/07,تهرانپارس فلكه اول,4,4,2,"8,700,000,000 تومان",17,تخلیه,سنگ,شخصي,0,1,0,0,4,97,2,1,MDF,ايراني فرنگي,سراميک,1,0,1,1,کولر_گاز,شخصي,تخلیه
آپارتمان,1404/02/06,حكیمیه خ سازمان آب,4,4,7,"4,300,000,000 تومان",20,مسکونی,سنگ,تعاوني,0,1,0,0,4,72,2,1,MDF,ايرانی,سراميک,1,1,1,0,شوفاژ_کولر_گاز,تعاوني,مسکونی
آپارتمان,1404/01/31,تهرانپارس فلكه چهارم خ صاحب الزمان,4,4,2,"8,000,000,000 تومان",15,اجاره,سنگ,شخصي,1,0,0,0,3,105,2,1,MDF,ايرانی,سراميک,1,1,1,1,شوفاژ_کولر_گاز,شخصي,اجاره
آپارتمان,1404/01/31,شمس آباد میدان بهشتی,4,4,2,"5,200,000,000 تومان",25,اجاره,کنيتکس,شخصي,1,0,0,0,4,61,1,1,MDF,ايرانی,سراميک,1,0,1,1,کولر_گاز,شخصي,اجاره
آپارتمان,1404/01/30,شمس اباد بالاتر از میدان ملت,4,5,3,"13,000,000,000 تومان",21,تخلیه,سنگ,شخصي,1,0,0,0,5,113,2,1,MDF,ايراني فرنگي,پارکت,1,1,1,0,شوفاژ_کولر_آسانسور_گاز,شخصي,تخلیه
آپارتمان,1404/02/10,تهرانپارس 206 غربی,4,5,2,"12,900,000,000 تومان",16,تخلیه,گرانيت,شخصي,0,1,0,0,5,115,3,1,هایگلاس,ايراني فرنگي,سنگ,1,1,1,1,کولر_آسانسور_پکیج,شخصي,تخلیه
آپارتمان,1404/01/30,تهرانپارس خ 212 شرقی,4,6,4,"7,000,000,000 تومان",24,تخلیه,گرانيت,شخصي,1,0,0,0,3,66,1,0,MDF,فرنگی,پارکت,1,1,1,1,شوفاژ_کولر_آسانسور,شخصي,تخلیه
آپارتمان,1404/02/01,جشنواره خ سیری خ نباتی,4,5,4,"5,000,000,000 تومان",12,اجاره,سنگ,شخصي,0,1,0,0,1,69,1,1,MDF,ايرانی,سراميک,1,0,1,0,شوفاژ_کولر_آسانسور_گاز,شخصي,اجاره
آپارتمان,1404/01/30,حكیمیه خ سازمان آب,4,7,5,"5,400,000,000 تومان",6,تخلیه,سنگ,شخصي,1,0,0,0,1,60,1,1,MDF,ايراني فرنگي,سراميک,1,0,1,0,شوفاژ_کولر_آسانسور_گاز,شخصي,تخلیه
آپارتمان,1404/01/28,تهرانپارس خ 182شرقی,4,5,3,"9,130,000,000 تومان",13,اجاره,سنگ,شخصي,0,1,0,0,1,83,2,1,MDF,ايراني فرنگي,سراميک,1,1,1,1,کولر_آسانسور_پکیج_گاز,شخصي,اجاره
آپارتمان,1404/02/10,شمس آباد خ منصوری,4,4,1,"7,500,000,000 تومان",نوساز,تخلیه,سنگ,شخصي,0,1,0,0,3,46,1,1,MDF,ايراني فرنگي,سراميک,1,1,0,1,شوفاژ_کولر_آسانسور_پکیج_گاز,شخصي,تخلیه
آپارتمان,1404/02/08,تهران پارس فلكه 1 خ بهار,4,6,1,"24,025,000,000 تومان",10,مسکونی,سنگ,شخصي,0,1,0,0,1,155,3,1,هایگلاس,ايراني فرنگي,سنگ,1,1,1,1,کولر_آسانسور_پکیج_سونا_جکوزی_گاز,شخصي,مسکونی
آپارتمان,1404/02/03,جشنواره خ زهدی,4,5,3,"4,275,000,000 تومان",16,اجاره,سنگ,شخصي,1,0,0,0,2,54,1,1,MDF,ايرانی,سراميک,1,0,1,0,شوفاژ_کولر_آسانسور,شخصي,اجاره
آپارتمان,1404/02/09,جشنواره نرسیده به خ زارع,4,4,1,"17,500,000,000 تومان",5,مسکونی,سنگ,شخصي,0,0,1,1,4,145,3,1,MDF,ايراني فرنگي,سنگ,1,1,1,1,شوفاژ_کولر_آسانسور_پکیج_گاز,شخصي,مسکونی
آپارتمان,1404/02/03,تهرانپارس خ وفادارشرقی,4,4,1,"1,900,000,000 تومان",16,مسکونی,سنگ,قولنامه اي,0,1,0,0,2,45,1,1,MDF,ايرانی,سراميک,1,0,0,0,شوفاژ_کولر_گاز,قولنامه اي,مسکونی
آپارتمان,1404/02/10,بنی هاشم بالاتراز ك جاویدان,4,4,2,"9,900,000,000 تومان",20,اجاره,سنگ,شخصي,0,1,0,0,4,90,2,1,MDF,ايراني فرنگي,سنگ,1,0,1,1,شوفاژ_کولر_گاز,شخصي,اجاره
آپارتمان,1404/02/09,تهرانپارس خ 216 شرقی,4,4,3,"6,200,000,000 تومان",18,مسکونی,آجر,مسکوني,1,0,0,0,3,71,1,1,فلزي,ايراني فرنگي,سراميک,1,0,1,0,شوفاژ_کولر_گاز,مسکوني,مسکونی
آپارتمان,1404/02/01,تهران پارس خ وفادار شرقی بین 135و137,4,5,3,"6,950,000,000 تومان",6,مسکونی,سنگ,شخصي,1,0,0,0,3,78,2,1,MDF,ايرانی,سراميک,1,1,0,1,شوفاژ_کولر_آسانسور_گاز,شخصي,مسکونی
آپارتمان,1404/02/08,جشنواره خ هلیسائی,4,7,3,"6,200,000,000 تومان",2,تخلیه,سنگ,شخصي,0,0,1,0,3,77,2,1,MDF,ايراني فرنگي,سراميک,1,1,1,1,شوفاژ_کولر_آسانسور_گاز,شخصي,تخلیه
آپارتمان,1404/02/08,هنگام شمیران نو خ غفاری,4,4,2,"2,200,000,000 تومان",14,مسکونی,سنگ,قولنامه اي,0,1,0,0,2,50,1,1,MDF,ايرانی,سراميک,1,0,0,0,کولر_گاز,قولنامه اي,مسکونی
آپارتمان,1404/02/06,فرجام غربی میدان 13,4,4,1,"3,600,000,000 تومان",17,اجاره,سنگ,شخصي,1,0,0,0,1,37,1,1,MDF,ايرانی,سنگ,1,0,0,0,کولر_گاز,شخصي,اجاره
آپارتمان,1404/01/28,هنگام بالاتر از میدان الغدیر,4,4,2,"5,000,000,000 تومان",13,مسکونی,سنگ,شخصي,0,1,0,0,4,56,1,1,MDF,ايرانی,سراميک,1,0,1,1,شوفاژ_کولر_آسانسور_پکیج_گاز,شخصي,مسکونی
آپارتمان,1404/02/11,حكیمیه بهار پور مختار,4,2,1,"12,000,000,000 تومان",30,تخلیه,سنگ,شخصي,1,1,0,0,1,128,3,1,MDF,ايرانی,سراميک,1,0,1,1,شوفاژ_کولر_گاز,شخصي,تخلیه
آپارتمان,1404/02/07,هنگام شمیران نو میدان پاكدامن,4,3,1,"3,000,000,000 تومان",20,تخلیه,سنگ,شخصي,0,1,0,0,همكف,50,1,1,MDF,ايرانی,سراميک,1,0,0,1,کولر_گاز,شخصي,تخلیه
آپارتمان,1404/02/03,تهران پارس بلوار پروین ك 198,4,4,2,"6,350,000,000 تومان",300,12,27,مسکونی,0,1,0,0,4,84,2,1,MDF,ايرانی,سراميک,1,1,1,0,کولر_گاز,شخصي,مسکونی
آپارتمان,1404/02/10,تهرانپارس خیابان 160 غربی,4,5,1,"24,500,000,000 تومان",10,تخلیه,سنگ و شيشه,شخصي,1,0,0,0,1,176,3,1,MDF,ايراني فرنگي,سنگ,1,1,1,1,شوفاژ_کولر_آسانسور_حیاط خلوت,شخصي,تخلیه
آپارتمان,1404/02/06,قنات كوثر بلواراستقلال,4,4,3,"12,700,000,000 تومان",12,تخلیه,سنگ,شخصي,0,1,1,0,2,127,2,1,MDF,ايراني فرنگي,سنگ,1,1,1,1,شوفاژ_کولر_آسانسور_گاز,شخصي,تخلیه
آپارتمان,1404/02/10,حكیمیه خ والفجر بلوارساحل,4,6,2,"13,750,000,000 تومان",1,تخلیه,سنگ,شخصي,1,0,0,0,1,125,2,1,MDF,ايراني فرنگي,سنگ,1,1,1,1,کولر_آسانسور_پکیج_گاز,شخصي,تخلیه
آپارتمان,1404/02/09,فرجام نرسیده به خ احدزاده,4,7,1,"15,000,000,000 تومان",4,اجاره,سنگ,شخصي,1,0,0,0,3,133,3,1,MDF,ايراني فرنگي,سنگ,1,1,1,1,شوفاژ_کولر_آسانسور_گاز,شخصي,اجاره
آپارتمان,1404/01/30,هروی خ افتخاریان,4,5,1,"21,600,000,000 تومان",نوساز,اجاره,سنگ,شخصي,1,0,0,0,2,135,3,1,دلخواه,ايراني فرنگي,سنگ,1,1,1,1,شوفاژ_کولر_آسانسور,شخصي,اجاره
آپارتمان,1404/02/10,جشنواره خ زهدی,4,12,8,"5,500,000,000 تومان",10,تخلیه,سنگ,شخصي,1,0,0,0,همكف,68,2,1,MDF,ايراني فرنگي,پارکت,1,0,1,0,شوفاژ_کولر_آسانسور_گاز,شخصي,تخلیه
آپارتمان,1404/02/11,اتوبان بابایی شهرك شهید بهشتی,4,16,8,"13,500,000,000 تومان",نوساز,تخلیه,کامپوزيت,تعاوني,0,1,0,0,2,107,2,1,دلخواه,ايراني فرنگي,سراميک,1,1,1,1,شوفاژ_کولر_آسانسور_گاز,تعاوني,تخلیه
آپارتمان,1404/02/02,هنگام شمیران نو,4,3,1,"3,500,000,000 تومان",20,مسکونی,سنگ,قولنامه اي,0,1,0,0,2,80,1,1,MDF,ايرانی,سراميک,1,0,0,0,کولر_گاز,قولنامه اي,مسکونی
آپارتمان,1404/02/06,شمس اباد خ منصوری,4,3,1,"4,100,000,000 تومان",20,تخلیه,سنگ,شخصي,0,1,0,0,3,55,1,1,MDF,ايرانی,سراميک,1,0,1,1,شوفاژ_کولر_گاز,شخصي,تخلیه
آپارتمان,1404/02/09,تهران پارس خ استخر خ 244 نرسیده به شهرك بهشتی,4,19,4,"8,200,000,000 تومان",4,مسکونی,سنگ,شخصي,1,0,0,0,1,75,2,1,MDF,ايراني فرنگي,سراميک,1,1,1,1,شوفاژ_کولر_آسانسور_پکیج_گاز,شخصي,مسکونی
آپارتمان,1404/02/10,تهرانپارس خ 180,4,4,2,"5,110,000,000 تومان",18,مسکونی,سنگ,شخصي,1,0,0,0,4,73,2,1,MDF,ايرانی,پارکت سراميک,1,0,1,1,کولر_پکیج,شخصي,مسکونی
آپارتمان,1404/02/07,تهرانپارس خ استخر,4,5,2,"12,445,000,000 تومان",11,اجاره,سنگ,شخصي,1,1,0,0,5,131,3,1,MDF,ايراني فرنگي,سنگ,0,1,1,1,کولر_آسانسور_پکیج,شخصي,اجاره
آپارتمان,1404/02/11,شمس آباد خ شهید كرد,4,5,4,"7,500,000,000 تومان",9,مسکونی,سنگ,شخصي,0,1,0,0,4,63,1,1,MDF,ايراني فرنگي,پارکت,1,0,1,1,شوفاژ_کولر_آسانسور_گاز,شخصي,مسکونی
آپارتمان,1404/02/09,تهرانپارس بلوار پروین خ شبستری,4,4,2,"6,000,000,000 تومان",17,مسکونی,سنگ,شخصي,0,0,1,0,2,80,2,1,MDF,فرنگی,سراميک,1,0,1,1,شوفاژ_کولر_گاز,شخصي,مسکونی
آپارتمان,1404/02/03,هروی خ پناهی نیا,4,4,1,"9,000,000,000 تومان",15,تخلیه,سنگ,شخصي,1,0,0,0,1,75,2,1,هایگلاس,ايراني فرنگي,سراميک,1,1,1,0,شوفاژ_حیاط خلوت,شخصي,تخلیه
آپارتمان,1404/02/03,فرجام غربی خ مظاهری,4,4,1,"21,500,000,000 تومان",نوساز,تخلیه,سنگ,شخصي,1,1,0,0,4,140,3,1,MDF,ايراني فرنگي,سنگ,1,1,1,1,شوفاژ_کولر_آسانسور_گاز,شخصي,تخلیه
آپارتمان,1404/02/08,جشنواره خ زهدی,4,4,3,"3,400,000,000 تومان",19,مسکونی,سنگ,شخصي,1,0,0,0,4,56,1,1,MDF,ايرانی,سراميک,1,0,1,0,کولر_گاز,شخصي,مسکونی
آپارتمان,1404/02/08,فرجام خ عبادی,4,5,4,"9,500,000,000 تومان",8,اجاره,سنگ,شخصي,0,1,0,0,5,90,2,1,MDF,ايراني فرنگي,سنگ,1,1,1,1,شوفاژ_کولر_آسانسور_پکیج_گاز,شخصي,اجاره
آپارتمان,1404/02/11,هروی خ بهارستان,4,5,2,"19,500,000,000 تومان",نوساز,تخلیه,سنگ,شخصي,0,1,0,0,مختلف,130,2,1,MDF,ايراني فرنگي,سنگ,1,1,1,1,کولر_گاز,شخصي,تخلیه
آپارتمان,1404/02/03,تهرانپارس خ 162,4,5,3,"14,900,000,000 تومان",12,تخلیه,سنگ,شخصي,0,1,0,0,4,114,2,1,MDF,ايراني فرنگي,سنگ,1,1,1,1,کولر_آسانسور_پکیج_گاز,شخصي,تخلیه
آپارتمان,1404/02/07,تهرانپارس بزرگراه رسالت,4,3,2,"6,500,000,000 تومان",13,تخلیه,سنگ,شخصي,0,1,0,0,3,81,2,1,MDF,ايراني فرنگي,سراميک,1,0,1,0,کولر_گاز,شخصي,تخلیه
آپارتمان,1404/01/31,حكیمیه خ سازمان آب,4,4,6,"6,500,000,000 تومان",13,تخلیه,سنگ,شخصي,0,1,0,0,2,89,2,1,MDF,ايراني فرنگي,سراميک,1,1,1,1,شوفاژ_کولر_آسانسور_پکیج_گاز,شخصي,تخلیه
آپارتمان,1404/01/31,شمس آباد خ ریحانی,4,3,1,"18,000,000,000 تومان",30,مسکونی,سنگ,شخصي,0,0,1,0,3,146,3,1,MDF,ايراني فرنگي,سنگ,0,1,1,1,شوفاژ_کولر_پکیج_گاز,شخصي,مسکونی
آپارتمان,1404/02/07,تهرانپارس خ 198 غربی,4,4,3,"7,500,000,000 تومان",19,مسکونی,سنگ,شخصي,0,1,0,0,3,97,2,1,MDF,فرنگی,پارکت,1,1,1,1,شوفاژ_کولر,شخصي,مسکونی
آپارتمان,1404/02/07,مجیدیه شمالی خ استاد حسن بنا,4,4,2,"7,200,000,000 تومان",23,مسکونی,سنگ,شخصي,0,1,0,0,همكف,87,2,1,MDF,ايراني فرنگي,سراميک,1,1,1,1,شوفاژ_کولر_گاز,شخصي,مسکونی
آپارتمان,1404/02/10,جشنواره خ احسان,4,3,1,"1,800,000,000 تومان",نوساز,تخلیه,گرانيت,قولنامه اي,1,0,0,0,3,42,1,0,MDF,ايرانی,سراميک,1,0,1,1,کولر_پکیج,قولنامه اي,تخلیه
آپارتمان,1404/02/07,شمس اباد میدان شریفی,4,3,1,"22,000,000,000 تومان",3,تخلیه,سنگ,شخصي,0,1,0,0,1,150,3,1,MDF,ايراني فرنگي,سراميک,1,1,1,1,شوفاژ_کولر_آسانسور_گاز,شخصي,تخلیه
آپارتمان,1404/02/11,تهرانپارس بلوار پروین خ 182,4,6,4,"10,750,000,000 تومان",1,تخلیه,سنگ,شخصي,1,0,0,0,3,112,2,1,MDF,ايراني فرنگي,سراميک,1,1,1,1,کولر_آسانسور_گاز,شخصي,تخلیه
آپارتمان,1404/02/09,بزرگراه بابائی شهرك بهشتی,4,10,5,"7,850,000,000 تومان",9,تخلیه,سيمان,تعاوني,0,1,0,0,7,80,1,1,MDF,ايراني فرنگي,سراميک,1,1,1,0,شوفاژ_کولر_آسانسور_گاز,تعاوني,تخلیه
آپارتمان,1404/02/03,اتوبان بابایی شهرك شهپریان,4,12,8,"9,800,000,000 تومان",5,مسکونی,رومي,تعاوني,0,1,0,0,2,95,2,1,MDF,ايراني فرنگي,سراميک,1,1,1,1,شوفاژ_کولر_آسانسور_گاز,تعاوني,مسکونی
آپارتمان,1404/02/03,جشنواره خ امین,4,4,1,"2,000,000,000 تومان",8,مسکونی,سنگ,قولنامه اي,0,1,0,0,2,45,1,1,MDF,ايرانی,سراميک,1,0,0,0,کولر_گاز,قولنامه اي,مسکونی
آپارتمان,1404/02/08,فرجام چهارراه خاور,4,4,1,"7,200,000,000 تومان",17,تخلیه,سنگ,شخصي,0,1,0,0,2,82,2,1,MDF,ايراني فرنگي,سنگ,1,0,1,1,شوفاژ_کولر_گاز,شخصي,تخلیه
آپارتمان,1404/02/02,تهرانپارس بلوار پروین خ 220,4,4,2,"6,500,000,000 تومان",23,تخلیه,آجر,شخصي,0,1,0,0,2,92,2,1,MDF,ايراني فرنگي,سراميک,1,1,1,1,شوفاژ_کولر_گاز,شخصي,تخلیه
آپارتمان,1404/02/02,تهران پارس بلوار پروین خ 200,4,4,1,"3,300,000,000 تومان",12,مسکونی,سنگ,شخصي,1,0,0,0,4,60,1,1,MDF,ايراني فرنگي,سراميک,1,0,1,1,کولر_گاز,شخصي,مسکونی
آپارتمان,1404/02/09,جشنواره خ نقدی,4,5,12,"7,000,000,000 تومان",8,اجاره,سنگ,شخصي,0,1,0,0,2,89,2,1,MDF,ايرانی,سراميک,1,1,1,0,شوفاژ_کولر_آسانسور_گاز,شخصي,اجاره
آپارتمان,1404/02/07,تهرانپارس خ 150 غربی,4,5,2,"17,024,000,000 تومان",21,مسکونی,گرانيت,شخصي,0,1,0,0,5,133,2,2,MDF,ايراني فرنگي,سنگ,1,1,1,1,شوفاژ_کولر_آسانسور,شخصي,مسکونی
آپارتمان,1404/02/06,تهران پارس شهرك شاهد,4,4,2,"4,100,000,000 تومان",16,تخلیه,سنگ,شخصي,0,1,0,0,4,70,2,1,MDF,ايرانی,سراميک,1,0,1,0,کولر_پکیج,شخصي,تخلیه
آپارتمان,1404/02/10,شمس آباد بالاترازهمت,4,2,1,"29,200,000,000 تومان",30,اجاره,سنگ,شخصي,0,1,0,0,1,73,2,1,MDF,ايرانی,سراميک,1,1,1,0,شوفاژ_کولر_گاز,شخصي,اجاره
آپارتمان,1404/02/10,تهرانپارس خ 218,4,4,2,"4,390,000,000 تومان",24,مسکونی,سنگ,شخصي,0,1,0,0,1,57,1,1,هایگلاس,فرنگی,سراميک,1,0,1,0,شوفاژ_کولر,شخصي,مسکونی
آپارتمان,1404/02/02,تهرانپارس خ آهنی آمینه,4,4,2,"5,000,000,000 تومان",21,اجاره,سنگ,شخصي,0,0,1,1,3,44,1,1,MDF,ايرانی,سراميک,1,1,1,0,شوفاژ_کولر_آسانسور_گاز,شخصي,اجاره
آپارتمان,1404/02/01,لویزان خ فرشادی,4,3,2,"8,500,000,000 تومان",22,تخلیه,سنگ,شخصي,0,1,0,0,3,84,2,1,MDF,ايراني فرنگي,پارکت,1,1,1,0,شوفاژ_کولر,شخصي,تخلیه
آپارتمان,1404/01/28,هنگام شمیران نو,4,4,1,"2,400,000,000 تومان",6,مسکونی,سنگ,قولنامه اي,0,0,1,0,3,75,1,1,MDF,ايرانی,سراميک,1,0,1,0,کولر_گاز,قولنامه اي,مسکونی
آپارتمان,1404/02/03,جشنواره خ درختی خ طالبی آهوئی,4,4,3,"4,500,000,000 تومان",25,مسکونی,سنگ,شخصي,0,1,0,0,4,70,2,1,MDF,ايراني فرنگي,سراميک,1,0,1,1,شوفاژ_کولر_گاز,شخصي,مسکونی
آپارتمان,1404/02/03,اتوبان بابایی شهرك شهپریان,4,12,8,"8,700,000,000 تومان",5,اجاره,سيمان,تعاوني,0,1,0,0,6,90,2,1,MDF,ايراني فرنگي,سراميک,1,1,1,1,شوفاژ_کولر_آسانسور_گاز,تعاوني,اجاره
آپارتمان,1404/01/30,هنگام استقلال 16متری دوم,4,5,2,"8,100,000,000 تومان",14,تخلیه,سنگ,شخصي,0,1,0,0,3,90,2,1,MDF,ايراني فرنگي,سنگ,1,0,1,1,شوفاژ_کولر_آسانسور_گاز,شخصي,تخلیه
آپارتمان,1404/01/30,سراج بالاتر از ك رحمتی,4,4,2,"3,950,000,000 تومان",22,مسکونی,سنگ,شخصي,1,0,0,0,4,54,1,1,نا مشخص,ايراني فرنگي,پارکت,1,0,1,0,شوفاژ_کولر,شخصي,مسکونی
آپارتمان,1404/02/10,تهرانپارس بلوار پروین ك قصابان,4,4,1,"7,190,000,000 تومان",10,مسکونی,سنگ,شخصي,1,0,0,0,1,72,2,1,MDF,ايراني فرنگي,پارکت,1,1,1,1,کولر_آسانسور_پکیج,شخصي,مسکونی
آپارتمان,1404/02/02,هنگام شمیران نو میدان پاكدامن,4,4,1,"4,500,000,000 تومان",18,مسکونی,سنگ,قولنامه اي,0,1,0,0,1,90,1,1,MDF,ايراني فرنگي,سراميک,1,0,1,1,کولر_گاز,قولنامه اي,مسکونی
آپارتمان,1404/02/07,شهید عراقی خ ملكی نسب,4,5,2,"12,500,000,000 تومان",13,تخلیه,سنگ,شخصي,0,1,0,0,3,103,2,1,MDF,ايراني فرنگي,سراميک,1,0,1,1,شوفاژ_کولر_آسانسور_پکیج_گاز,شخصي,تخلیه
آپارتمان,1404/02/07,هنگام شمیران نو,4,3,1,"1,800,000,000 تومان",18,تخلیه,سنگ,قولنامه اي,1,0,0,0,3,45,1,1,فلزي,ايرانی,سراميک,1,0,1,1,کولر_گاز,قولنامه اي,تخلیه
آپارتمان,1404/02/01,بنی هاشم ك تنگستانی,4,4,1,"11,800,000,000 تومان",1,تخلیه,سنگ,شخصي,1,1,0,0,4,83,2,1,MDF,ايراني فرنگي,سراميک,1,1,1,1,شوفاژ_کولر_آسانسور_پکیج_گاز,شخصي,تخلیه
آپارتمان,1404/02/07,سراج خ گلستان,4,4,1,"6,500,000,000 تومان",12,تخلیه,سنگ,شخصي,0,1,0,0,3,84,2,1,MDF,ايرانی,سراميک,1,0,1,0,کولر_آسانسور_گاز,شخصي,تخلیه
آپارتمان,1404/02/01,تهرانپارس خ 190غربی,4,5,4,"6,000,000,000 تومان",21,تخلیه,سنگ,شخصي,1,0,0,0,همكف,67,2,1,MDF,ايرانی,سراميک,1,0,1,1,شوفاژ_کولر_آسانسور_گاز,شخصي,تخلیه
آپارتمان,1404/02/09,خواجه عبدالله خ چگینی,4,5,4,"18,125,000,000 تومان",نوساز,تخلیه,سنگ,شخصي,0,1,0,0,2,145,3,1,MDF,ايراني فرنگي,سنگ,1,1,1,1,کولر_آسانسور_گاز,شخصي,تخلیه
آپارتمان,1404/02/03,شمس اباد خ هدایتی,4,5,2,"16,440,000,000 تومان",3,مسکونی,سنگ,شخصي,1,0,0,0,4,137,3,1,MDF,ايراني فرنگي,سراميک,1,1,1,1,شوفاژ_کولر_آسانسور_پکیج_گاز,شخصي,مسکونی
آپارتمان,1404/02/06,جشنواره خ امین,4,4,2,"4,410,000,000 تومان",11,مسکونی,سنگ,شخصي,0,1,0,0,1,63,2,1,MDF,ايراني فرنگي,سراميک,1,0,1,1,شوفاژ_کولر_آسانسور_گاز,شخصي,مسکونی
آپارتمان,1404/02/01,تهرانپارس بین عادل و باقری,4,4,2,"5,200,000,000 تومان",26,مسکونی,سنگ,شخصي,1,0,0,0,3,69,1,1,MDF,ايراني فرنگي,پارکت,1,0,1,1,کولر_گاز,شخصي,مسکونی
آپارتمان,1404/01/31,تهرانپارس بلوار استقلال,4,3,2,"4,200,000,000 تومان",200,16,تخلیه,سنگ,1,0,0,0,2,52,1,1,MDF,ايرانی,سراميک,1,0,1,0,شوفاژ_کولر_گاز,شخصي,تخلیه
آپارتمان,1404/02/07,شمس اباد خ محمودی,4,6,2,"14,500,000,000 تومان",2,تخلیه,سنگ,شخصي,0,1,0,0,6,133,3,1,MDF,ايراني فرنگي,سنگ,1,1,0,1,شوفاژ_کولر_آسانسور_گاز,شخصي,تخلیه
آپارتمان,1404/01/31,بنی هاشم خ حافظ شرقی,4,9,2,"16,875,000,000 تومان",3,تخلیه,آجر,شخصي,0,1,0,0,3,125,2,1,MDF,ايراني فرنگي,سراميک,1,1,1,1,شوفاژ_کولر_آسانسور_پکیج_گاز,شخصي,تخلیه
آپارتمان,1404/02/11,تهرانپارس خ 184,4,5,2,"10,500,000,000 تومان",8,مسکونی,سنگ,شخصي,0,1,0,0,3,85,2,1,هایگلاس,ايراني فرنگي,سنگ,1,1,1,1,شوفاژ_کولر_آسانسور,شخصي,مسکونی
آپارتمان,1404/02/09,هروی خ وفامنش,4,4,1,"70,000,000,000 تومان",720,30,تخلیه,سنگ,1,0,0,0,1,190,3,1,MDF,ايراني فرنگي,پارکت,1,1,1,1,شوفاژ_کولر,شخصي,تخلیه
آپارتمان,1404/02/03,حكیمیه خ شهید نشوه,4,5,6,"7,300,000,000 تومان",1000,14,اجاره,سنگ,0,1,0,0,1,73,2,1,MDF,ايراني فرنگي,سراميک,1,1,1,0,شوفاژ_کولر_آسانسور_گاز,شخصي,اجاره
آپارتمان,1404/02/10,تهرانپارس خ توحید,4,4,1,"7,500,000,000 تومان",15,مسکونی,سنگ,شخصي,0,1,0,0,3,100,2,1,MDF,ايرانی,سراميک,1,1,1,1,شوفاژ_کولر_گاز,شخصي,مسکونی
آپارتمان,1404/02/11,شمس آباد خ هدایتی,4,5,2,"11,000,000,000 تومان",13,تخلیه,سنگ,شخصي,1,0,0,0,1,103,2,1,MDF,ايراني فرنگي,پارکت,1,1,1,0,شوفاژ_کولر_آسانسور_گاز,شخصي,تخلیه
آپارتمان,1404/02/02,تهران پارس خ 180,4,5,1,"22,876,000,000 تومان",7,مسکونی,سنگ,شخصي,0,1,0,0,1,172,3,1,MDF,ايراني فرنگي,سراميک,1,1,1,1,شوفاژ_کولر_آسانسور_پکیج_گاز,شخصي,مسکونی
آپارتمان,1404/02/02,بنی هاشم خ پرتوی,4,4,2,"7,000,000,000 تومان",19,تخلیه,سنگ,شخصي,1,0,0,0,2,57,1,1,MDF,ايرانی,سراميک,1,0,1,1,شوفاژ_کولر_گاز,شخصي,تخلیه
آپارتمان,1404/02/06,لویزان خ مباركی,4,4,2,"7,500,000,000 تومان",20,مسکونی,سنگ,شخصي,1,0,0,0,4,72,2,1,MDF,ايرانی,سنگ,1,1,1,0,شوفاژ_کولر_گاز,شخصي,مسکونی
آپارتمان,1404/01/31,تهرانپارس بین 105 و 107,4,5,1,"18,240,000,000 تومان",7,مسکونی,سنگ,شخصي,1,0,0,0,4,152,3,1,MDF,ايراني فرنگي,سنگ,1,1,1,1,کولر_آسانسور_پکیج_گاز,شخصي,مسکونی
آپارتمان,1404/02/09,بزرگراه رسالت روبروی خ كرمان,4,4,2,"8,500,000,000 تومان",30,تخلیه,سنگ,شخصي,0,1,0,0,2,100,2,1,MDF,ايراني فرنگي,سراميک,1,1,0,0,شوفاژ_کولر_پکیج_گاز,شخصي,تخلیه
آپارتمان,1404/02/08,جشنواره جنب مترو فرهنگسرا خ درختی,4,4,1,"4,850,000,000 تومان",10,تخلیه,سنگ,شخصي,1,0,0,0,1,51,1,1,MDF,ايرانی,سنگ,1,0,1,0,کولر_آسانسور_گاز,شخصي,تخلیه
آپارتمان,1404/02/07,تهرانپارس فلكه اول خ بهار,4,4,3,"12,480,000,000 تومان",18,مسکونی,سنگ,شخصي,1,0,0,0,1,104,2,1,MDF,ايراني فرنگي,سنگ,1,1,1,1,شوفاژ_کولر_آسانسور_گاز,شخصي,مسکونی
آپارتمان,1404/01/31,جشنواره خ هلیسایی,4,4,2,"5,250,000,000 تومان",24,مسکونی,سنگ,شخصي,0,1,0,0,4,75,2,1,MDF,ايرانی,سراميک,1,0,1,1,کولر_گاز,شخصي,مسکونی
آپارتمان,1404/02/02,خواجه عبدالله خ ابوذر غفاری شمالی,4,4,8,"12,500,000,000 تومان",30,مسکونی,سنگ,شخصي,1,0,0,0,2,100,2,1,MDF,ايراني فرنگي,سراميک,1,1,1,1,شوفاژ_کولر_گاز,شخصي,مسکونی
آپارتمان,1404/02/07,تهرانپارس فلكه اول خ كیخسروی,4,4,2,"12,000,000,000 تومان",20,مسکونی,سنگ,شخصي,1,0,0,0,3,100,2,1,MDF,ايراني فرنگي,سراميک,1,1,1,0,شوفاژ_کولر_گاز,شخصي,مسکونی
آپارتمان,1404/02/10,هروی گلزار,4,3,2,"11,480,000,000 تومان",20,تخلیه,سنگ,شخصي,0,1,0,0,3,82,2,1,MDF,ايرانی,سنگ,1,1,1,0,شوفاژ_کولر,شخصي,تخلیه
آپارتمان,1404/02/03,فرجام بین خ 41 و45,4,5,2,"15,180,000,000 تومان",10,مسکونی,سنگ,شخصي,1,0,0,0,4,132,3,1,MDF,ايراني فرنگي,سنگ,1,1,1,0,شوفاژ_کولر_آسانسور_گاز,شخصي,مسکونی
آپارتمان,1404/01/31,تهرانپارس خ طاهری,4,4,2,"8,700,000,000 تومان",30,مسکونی,سنگ,شخصي,0,1,0,0,3,100,2,1,MDF,ايرانی,سراميک,1,1,1,1,شوفاژ_کولر_گاز,شخصي,مسکونی
آپارتمان,1404/02/06,جشنواره خ زهدی,4,3,2,"3,300,000,000 تومان",11,مسکونی,سنگ,قولنامه اي,0,1,0,0,3,70,1,1,MDF,ايرانی,سراميک,1,0,1,1,کولر_گاز,قولنامه اي,مسکونی
آپارتمان,1404/02/07,خواجه عبداله انصاری بالاتراز خ چگینی,4,5,2,"16,500,000,000 تومان",نوساز,تخلیه,سنگ,شخصي,0,0,1,0,1,100,2,1,MDF,ايراني فرنگي,سنگ,1,1,1,1,شوفاژ_آسانسور,شخصي,تخلیه
آپارتمان,1404/01/31,فرجام غربی خ مظاهری,4,5,4,"18,500,000,000 تومان",1,مسکونی,سنگ,شخصي,1,0,0,0,2,135,3,1,MDF,ايراني فرنگي,سراميک,1,1,1,1,شوفاژ_کولر_آسانسور_گاز,شخصي,مسکونی
آپارتمان,1404/02/09,سراج خ مظفری نیا,4,3,1,"6,400,000,000 تومان",30,تخلیه,سنگ,شخصي,0,1,0,0,3,94,3,1,MDF,ايراني فرنگي,سراميک,1,0,0,1,شوفاژ_کولر_پکیج_گاز,شخصي,تخلیه
آپارتمان,1404/02/10,تهران پارس خ استخر,4,4,3,"5,500,000,000 تومان",19,مسکونی,سنگ,شخصي,0,1,0,0,3,63,2,1,MDF,ايرانی,سراميک,1,0,1,0,کولر_گاز,شخصي,مسکونی
آپارتمان,1404/02/02,تهران پارس بلوار پروین ك ارفاقی,4,5,1,"3,400,000,000 تومان",4,تخلیه,سنگ,قولنامه اي,0,1,0,0,4,80,2,1,چوبي,ايرانی,سراميک,1,0,1,0,شوفاژ_کولر_پکیج_گاز,قولنامه اي,تخلیه
آپارتمان,1404/01/30,تهرانپارس بلوار اردیبهشت,4,5,2,"7,500,000,000 تومان",18,تخلیه,سنگ,شخصي,1,0,0,0,4,95,2,1,MDF,ايراني فرنگي,سراميک,1,0,0,1,شوفاژ_کولر_آسانسور_گاز,شخصي,تخلیه
آپارتمان,1404/02/06,دلاوران تكاوران,4,4,1,"7,100,000,000 تومان",4,مسکونی,سنگ,شخصي,0,1,0,0,1,89,2,1,MDF,ايراني فرنگي,سراميک,1,1,1,1,شوفاژ_کولر_آسانسور_پکیج_گاز,شخصي,مسکونی
آپارتمان,1404/02/07,حكیمیه سازمان آب,4,6,4,"11,875,000,000 تومان",3,مسکونی,سنگ,شخصي,1,0,0,0,3,125,2,1,MDF,ايراني فرنگي,سراميک,1,1,1,0,شوفاژ_کولر_آسانسور_گاز,شخصي,مسکونی
آپارتمان,1404/02/01,تهرانپارس خ توحید,4,4,2,"6,000,000,000 تومان",26,مسکونی,سنگ,شخصي,1,0,0,0,4,72,2,1,MDF,ايراني فرنگي,سراميک,1,1,1,1,شوفاژ_کولر_گاز,شخصي,مسکونی
آپارتمان,1404/01/28,جشنواره خ احسان خ 13,4,4,1,"2,200,000,000 تومان",7,مسکونی,سنگ,قولنامه اي,0,1,0,0,3,45,1,1,MDF,ايرانی,سراميک,1,0,1,0,کولر_گاز,قولنامه اي,مسکونی
آپارتمان,1404/01/27,تهرانپارس بلوار پروین خ 196 شرقی ك قصابان,4,4,2,"4,000,000,000 تومان",18,تخلیه,سنگ,شخصي,0,1,0,0,1,52,2,1,هایگلاس,ايراني فرنگي,پارکت,1,0,0,0,کولر_پکیج,شخصي,تخلیه
آپارتمان,1404/02/02,تهرانپارس ك 164,4,5,1,"28,665,000,000 تومان",نوساز,تخلیه,سنگ,دردست اقدام,0,1,0,0,1,147,3,0,چوبي,ايراني فرنگي,سنگ,1,1,1,1,آسانسور,دردست اقدام,تخلیه
آپارتمان,1404/01/31,تهرانپارس بلوار پروین خ 188,4,4,2,"5,350,000,000 تومان",17,تخلیه,سنگ,شخصي,1,0,0,0,1,74,1,2,MDF,ايراني فرنگي,پارکت,1,0,1,0,شوفاژ_کولر_گاز,شخصي,تخلیه
آپارتمان,1404/02/03,شمس آباد خ ریحانی,4,6,1,"22,000,000,000 تومان",20,تخلیه,سنگ,شخصي,0,1,0,0,1,170,3,1,MDF,ايراني فرنگي,سنگ,1,1,1,1,شوفاژ_کولر_آسانسور_پکیج_گاز,شخصي,تخلیه
آپارتمان,1404/02/02,جشنواره خ احسان,4,4,2,"4,100,000,000 تومان",8,مسکونی,تراورتن,شخصي,0,1,0,0,1,49,1,1,MDF,ايرانی,سراميک,1,0,1,0,کولر_آسانسور_گاز,شخصي,مسکونی
آپارتمان,1404/02/07,تهران پارس خ 112,4,6,2,"14,625,000,000 تومان",نوساز,تخلیه,سنگ,شخصي,1,0,0,0,2,117,3,1,هایگلاس,ايراني فرنگي,سنگ,1,1,1,1,کولر_آسانسور_پکیج,شخصي,تخلیه
آپارتمان,1404/02/07,سراج بالاتر از پل سراج,4,2,2,"8,000,000,000 تومان",10,مسکونی,سنگ,شخصي,0,1,0,0,1,83,2,1,MDF,ايرانی,سنگ,1,1,1,1,شوفاژ_کولر_گاز,شخصي,مسکونی
آپارتمان,1404/02/02,تهرانپارس خ شیرود,4,7,12,"6,700,000,000 تومان",5,مسکونی,تراورتن,شخصي,1,0,0,0,7,66,1,0,هایگلاس,ايراني فرنگي,سنگ,1,1,1,1,شوفاژ_کولر,شخصي,مسکونی
آپارتمان,1404/01/31,دلاوران خ تكاوران شمالی,4,3,1,"2,500,000,000 تومان",21,مسکونی,سنگ,قولنامه اي,1,0,0,0,1,47,1,1,MDF,ايرانی,سراميک,0,0,1,0,کولر_گاز,قولنامه اي,مسکونی
آپارتمان,1404/01/30,شهیدعراقی نرسیده به ك فروردین,4,3,2,"13,500,000,000 تومان",30,مسکونی,سنگ,شخصي,0,1,0,0,3,100,2,1,MDF,ايراني فرنگي,سراميک,1,1,1,1,شوفاژ_کولر_گاز,شخصي,مسکونی
آپارتمان,1404/02/10,تهرانپارس جنب برج آناهید,4,4,1,"9,750,000,000 تومان",11,مسکونی,سنگ,شخصي,0,1,0,0,2,119,2,1,MDF,ايراني فرنگي,سنگ,1,1,1,1,کولر_پکیج,شخصي,مسکونی
آپارتمان,1404/02/01,تهرانپارس خ 214غربی,4,5,4,"6,600,000,000 تومان",20,تخلیه,سنگ,شخصي,0,1,0,0,1,66,2,1,MDF,ايرانی,سراميک,1,0,1,1,شوفاژ_کولر_آسانسور_گاز,شخصي,تخلیه
آپارتمان,1404/02/01,اتوبان بابایی شهرك بهشتی,4,20,20,"13,500,000,000 تومان",3,اجاره,سيمان,تعاوني,0,1,0,0,11,101,2,1,هایگلاس,ايراني فرنگي,سراميک,1,1,1,1,شوفاژ_کولر_آسانسور_گاز,تعاوني,اجاره
آپارتمان,1404/02/06,تهرانپارس بالاتر از فلكه دوم,4,4,2,"9,000,000,000 تومان",19,مسکونی,سنگ,شخصي,0,1,0,0,3,90,2,2,MDF,ايرانی,پارکت,1,1,1,1,شوفاژ_کولر_گاز,شخصي,مسکونی
آپارتمان,1404/02/08,تهرانپارس چهارراه تهرانپارس ك نیروی هوایی,4,4,2,"4,500,000,000 تومان",11,مسکونی,سنگ,شخصي,1,0,0,0,3,50,1,1,MDF,ايرانی,سراميک,1,1,1,0,کولر_گاز,شخصي,مسکونی
آپارتمان,1404/02/09,تهرانپارس شرقی بلوار پروین خ قصابان,4,5,4,"4,600,000,000 تومان",11,مسکونی,سنگ,شخصي,0,1,0,0,1,54,1,1,MDF,فرنگی,سنگ,1,0,1,1,شوفاژ_کولر_گاز,شخصي,مسکونی
آپارتمان,1404/02/03,تهرانپارس بین بزرگراه باقری و اردیبهشت,4,5,2,"6,500,000,000 تومان",17,مسکونی,سنگ,شخصي,0,1,0,0,3,83,2,1,MDF,ايراني فرنگي,سنگ,1,0,1,0,شوفاژ_کولر_آسانسور_گاز,شخصي,مسکونی
آپارتمان,1404/02/11,تهرانپارس بین اردیبشهت و باقری,4,5,5,"8,000,000,000 تومان",16,مسکونی,سنگ,شخصي,0,1,0,0,3,85,2,1,MDF,فرنگی,پارکت سراميک,1,1,1,0,شوفاژ_کولر_آسانسور_گاز,شخصي,مسکونی
آپارتمان,1404/02/09,تهرانپارس خ وفادار,4,4,6,"5,700,000,000 تومان",23,تخلیه,سنگ,شخصي,1,0,0,0,1,76,2,1,MDF,ايرانی,سراميک,1,1,1,1,شوفاژ_کولر_آسانسور_گاز,شخصي,تخلیه
آپارتمان,1404/02/11,بزرگراه بابایی شهرك شهید بهشتی,4,19,10,"9,800,000,000 تومان",2,تخلیه,ترکیبی,تعاوني,1,0,0,0,4,97,2,1,MDF,ايراني فرنگي,سراميک,1,1,1,0,شوفاژ_کولر_آسانسور,تعاوني,تخلیه
آپارتمان,1404/02/09,تهرانپارس خ توحید,4,4,2,"4,500,000,000 تومان",21,مسکونی,سنگ,شخصي,1,0,0,0,3,59,1,1,MDF,ايرانی,سراميک,1,0,0,1,شوفاژ_کولر_گاز,شخصي,مسکونی
آپارتمان,1404/02/03,قنات كوثر بلوارمطهری,4,5,2,"12,300,000,000 تومان",نوساز,تخلیه,سنگ,شخصي,0,1,0,0,2,82,2,1,MDF,ايراني فرنگي,سنگ,1,1,1,1,کولر_آسانسور_پکیج_گاز,شخصي,تخلیه
آپارتمان,1404/01/31,تهرانپارس فلكه 4,4,4,2,"9,600,000,000 تومان",23,مسکونی,سنگ,شخصي,1,0,0,0,1,105,2,1,MDF,ايراني فرنگي,سراميک,1,1,1,0,شوفاژ_کولر_آسانسور_گاز,شخصي,مسکونی
آپارتمان,1404/02/03,شمس اباد خ شهیدكرد,4,5,2,"14,000,000,000 تومان",نوساز,تخلیه,سنگ,شخصي,1,0,0,0,1,100,2,1,MDF,ايراني فرنگي,سنگ,1,1,1,1,کولر_آسانسور_پکیج_گاز,شخصي,تخلیه
آپارتمان,1404/02/01,تهرانپارس خ استخر,4,4,4,"4,900,000,000 تومان",13,اجاره,سنگ,شخصي,1,0,0,0,1,56,1,1,MDF,ايراني فرنگي,پارکت,1,0,1,0,شوفاژ_کولر_آسانسور,شخصي,اجاره
آپارتمان,1404/01/30,حكیمیه فاز یك بلوار نور,4,2,1,"18,000,000,000 تومان",216,30,تخلیه,سنگ,1,0,0,0,2,115,2,1,MDF,ايراني فرنگي,سراميک,1,1,1,1,شوفاژ_کولر_گاز,شخصي,تخلیه
آپارتمان,1404/01/30,تهران پارس بلوار پروین خ 188,4,4,4,"4,100,000,000 تومان",17,اجاره,سنگ,شخصي,0,1,0,0,4,51,1,1,MDF,ايرانی,سراميک,1,0,1,0,شوفاژ_کولر_آسانسور_گاز,شخصي,اجاره
آپارتمان,1404/02/01,فرجام شرقی نرسیده به خ داشكنی,4,5,2,"15,000,000,000 تومان",10,مسکونی,سنگ,شخصي,1,0,0,0,4,132,3,1,MDF,ايرانی,سراميک,1,1,1,1,شوفاژ_کولر_آسانسور_گاز,شخصي,مسکونی
آپارتمان,1404/02/08,شمس اباد خ منصوری,4,5,3,"12,000,000,000 تومان",نوساز,تخلیه,سنگ,شخصي,0,1,0,0,4,90,2,1,MDF,ايرانی,سنگ,1,1,1,0,کولر_آسانسور_پکیج_گاز,شخصي,تخلیه
آپارتمان,1404/02/02,هنگام شمیران نو خ شهید ریوندی,4,4,1,"1,600,000,000 تومان",23,تخلیه,سنگ,قولنامه اي,0,1,0,0,همكف,55,1,1,MDF,ايرانی,موزائيک,1,0,0,0,کولر_گاز,قولنامه اي,تخلیه
آپارتمان,1404/01/30,تهران پارس خ استخر,4,5,4,"6,800,000,000 تومان",15,تخلیه,سنگ,شخصي,1,1,0,0,2,68,1,0,MDF,ايرانی,سراميک,0,1,1,1,کولر_آسانسور_پکیج,شخصي,تخلیه
آپارتمان,1404/02/06,تهرانپارس بلوارشاهد,4,4,2,"5,600,000,000 تومان",22,تخلیه,سنگ,شخصي,1,0,0,0,1,77,2,1,MDF,ايرانی,پارکت,1,0,1,1,شوفاژ_کولر_پکیج_گاز,شخصي,تخلیه
آپارتمان,1404/02/02,سراج والاییان شمالی,4,4,1,"12,000,000,000 تومان",3,اجاره,سنگ,شخصي,0,1,0,0,3,118,3,0,MDF,ايراني فرنگي,سراميک,1,1,1,1,کولر_آسانسور_پکیج,شخصي,اجاره
آپارتمان,1404/01/28,تهران پارس فلكه 4 خ وفادار شرقی,4,5,3,"7,000,000,000 تومان",5,مسکونی,سنگ,شخصي,1,0,0,0,3,78,2,1,MDF,ايرانی,سراميک,1,1,0,1,کولر_آسانسور_پکیج_گاز,شخصي,مسکونی
آپارتمان,1404/02/10,جشنواره خ احسان,4,7,7,"7,000,000,000 تومان",5,مسکونی,سنگ,شخصي,0,1,0,0,7,102,2,1,MDF,ايراني فرنگي,سراميک,1,1,1,1,شوفاژ_کولر_آسانسور_گاز,شخصي,مسکونی
آپارتمان,1404/02/07,شهیدعراقی خ ملكی نسب,4,5,2,"17,400,000,000 تومان",12,مسکونی,سنگ,شخصي,1,0,0,0,5,115,2,1,MDF,ايراني فرنگي,سنگ,1,1,1,1,کولر_آسانسور_پکیج_گاز,شخصي,مسکونی
آپارتمان,1404/02/06,جشنواره خ زهدی,4,5,3,"4,550,000,000 تومان",5,مسکونی,سنگ,شخصي,1,0,0,0,3,65,1,1,MDF,ايرانی,سراميک,1,1,0,0,شوفاژ_کولر_آسانسور_پکیج_گاز,شخصي,مسکونی
